Simulation ID,Rules,Station ID,Task1_Order_ID,Task1_ID,Task1_Start_Time,Task1_End_Time,Task2_Order_ID,Task2_ID,Task2_Start_Time,Task2_End_Time,Task3_Order_ID,Task3_ID,Task3_Start_Time,Task3_End_Time,Task4_Order_ID,Task4_ID,Task4_Start_Time,Task4_End_Time,Task5_Order_ID,Task5_ID,Task5_Start_Time,Task5_End_Time,Task6_Order_ID,Task6_ID,Task6_Start_Time,Task6_End_Time,Task7_Order_ID,Task7_ID,Task7_Start_Time,Task7_End_Time,Task8_Order_ID,Task8_ID,Task8_Start_Time,Task8_End_Time,Task9_Order_ID,Task9_ID,Task9_Start_Time,Task9_End_Time,Task10_Order_ID,Task10_ID,Task10_Start_Time,Task10_End_Time,Task11_Order_ID,Task11_ID,Task11_Start_Time,Task11_End_Time,Task12_Order_ID,Task12_ID,Task12_Start_Time,Task12_End_Time,Task13_Order_ID,Task13_ID,Task13_Start_Time,Task13_End_Time,Task14_Order_ID,Task14_ID,Task14_Start_Time,Task14_End_Time,Task15_Order_ID,Task15_ID,Task15_Start_Time,Task15_End_Time,Task16_Order_ID,Task16_ID,Task16_Start_Time,Task16_End_Time,Task17_Order_ID,Task17_ID,Task17_Start_Time,Task17_End_Time,Task18_Order_ID,Task18_ID,Task18_Start_Time,Task18_End_Time,Task19_Order_ID,Task19_ID,Task19_Start_Time,Task19_End_Time,Task20_Order_ID,Task20_ID,Task20_Start_Time,Task20_End_Time,Task21_Order_ID,Task21_ID,Task21_Start_Time,Task21_End_Time,Task22_Order_ID,Task22_ID,Task22_Start_Time,Task22_End_Time,Task23_Order_ID,Task23_ID,Task23_Start_Time,Task23_End_Time,Task24_Order_ID,Task24_ID,Task24_Start_Time,Task24_End_Time,Task25_Order_ID,Task25_ID,Task25_Start_Time,Task25_End_Time,Task26_Order_ID,Task26_ID,Task26_Start_Time,Task26_End_Time,Task27_Order_ID,Task27_ID,Task27_Start_Time,Task27_End_Time,Task28_Order_ID,Task28_ID,Task28_Start_Time,Task28_End_Time,Task29_Order_ID,Task29_ID,Task29_Start_Time,Task29_End_Time,Task30_Order_ID,Task30_ID,Task30_Start_Time,Task30_End_Time,Task31_Order_ID,Task31_ID,Task31_Start_Time,Task31_End_Time,Task32_Order_ID,Task32_ID,Task32_Start_Time,Task32_End_Time,Task33_Order_ID,Task33_ID,Task33_Start_Time,Task33_End_Time,Task34_Order_ID,Task34_ID,Task34_Start_Time,Task34_End_Time,Total Work Time,Total Idle Time,Utilization
Simulation1,FCFS + FCFS,A-1,O-1,T1,0.0,0.68,O-5,T1,5.63,8.09,O-4,T1,8.09,9.12,O-6,T1,9.12,11.92,O-2,T1,11.92,12.73,O-18,T1,14.08,16.75,O-15,T1,16.75,24.84,O-12,T1,24.84,27.33,O-13,T1,27.33,27.58,O-22,T1,27.58,30.55,O-26,T1,30.55,32.23,O-31,T1,32.23,34.27,O-33,T1,34.27,34.8,O-29,T1,34.8,35.01,O-32,T1,35.01,37.01,O-39,T1,37.01,40.02,O-37,T1,40.02,40.6,O-38,T1,40.6,45.66,O-50,T1,45.66,46.87,O-56,T1,46.87,48.13,O-40,T1,48.13,51.32,O-59,T1,51.32,55.39,O-65,T1,55.39,56.89,O-41,T1,56.89,59.89,O-70,T1,59.89,64.3,O-46,T1,64.3,66.28,O-51,T1,66.28,69.17,O-52,T1,69.17,72.24,O-60,T1,72.24,76.92,O-66,T1,76.92,85.41,,,,,,,,,,,,,,,,,79.11,20.89,79.11
Simulation1,FCFS + FCFS,A-2,O-3,T1,5.46,8.59,O-8,T1,8.59,9.82,O-10,T1,9.82,13.85,O-9,T1,13.85,14.8,O-7,T1,14.8,19.37,O-20,T1,19.37,22.38,O-19,T1,22.38,24.45,O-14,T1,24.45,25.67,O-28,T1,25.67,26.41,O-30,T1,26.41,27.64,O-25,T1,27.64,31.17,O-27,T1,31.17,36.71,O-43,T1,36.71,37.63,O-35,T1,37.63,38.44,O-36,T1,38.44,44.03,O-47,T1,44.03,47.34,O-58,T1,47.34,51.47,O-57,T1,51.47,54.47,O-64,T1,54.47,59.34,O-68,T1,59.34,60.87,O-45,T1,60.87,65.95,O-48,T1,65.95,70.13,O-53,T1,70.13,71.65,O-55,T1,71.65,73.04,O-62,T1,73.04,74.95,O-63,T1,74.95,77.08,O-67,T1,77.08,80.63,O-69,T1,80.63,83.68,,,,,,,,,,,,,,,,,,,,,,,,,78.22,21.78,78.22
Simulation1,FCFS + FCFS,B-1,O-1,T2,0.68,2.37,O-5,T2,8.09,9.95,O-6,T2,11.92,15.06,O-9,T2,15.06,17.48,O-20,T2,22.38,24.14,O-12,T2,27.33,29.18,O-30,T2,29.18,32.1,O-13,T2,32.1,34.88,O-31,T2,34.88,38.3,O-43,T2,38.3,48.66,O-56,T2,48.66,53.28,O-58,T2,53.28,57.38,O-59,T2,57.38,60.86,O-64,T2,60.86,65.2,O-27,T2,65.2,74.25,O-65,T2,74.25,76.52,O-68,T2,76.52,79.23,O-70,T2,79.23,86.15,O-62,T2,86.15,95.18,,,,,,,,,,,,,,,,,,,,,,,,,,,,,,,,,,,,,,,,,,,,,,,,,,,,,,,,,,,,,78.72,21.28,78.72
Simulation1,FCFS + FCFS,B-2,O-3,T2,8.59,9.74,O-8,T2,9.82,12.97,O-2,T2,12.97,15.82,O-18,T2,16.75,24.44,O-15,T2,24.84,28.85,O-28,T2,28.85,33.45,O-22,T2,33.45,35.72,O-25,T2,35.72,38.48,O-26,T2,38.48,42.85,O-39,T2,42.85,52.38,O-50,T2,52.38,55.67,O-33,T2,55.67,57.91,O-29,T2,57.91,63.28,O-36,T2,63.28,66.02,O-47,T2,66.02,70.98,O-40,T2,70.98,76.79,O-57,T2,76.79,84.08,O-41,T2,84.08,88.01,O-45,T2,88.01,89.92,O-46,T2,89.92,94.38,O-48,T2,94.38,96.88,O-53,T2,96.88,,,,,,,,,,,,,,,,,,,,,,,,,,,,,,,,,,,,,,,,,,,,,,,,,,90.0,10.0,90.0
Simulation1,FCFS + FCFS,C-1,O-1,T3,0.68,2.13,O-3,T3,8.59,12.46,O-6,T3,12.46,15.22,O-9,T3,15.22,16.88,O-18,T3,16.88,18.11,O-20,T3,22.38,24.21,O-28,T3,26.41,29.43,O-13,T3,29.43,35.32,O-25,T3,35.32,40.49,O-26,T3,40.49,42.57,O-31,T3,42.57,43.9,O-29,T3,43.9,48.67,O-56,T3,48.67,51.26,O-27,T3,51.26,53.33,O-36,T3,53.33,54.79,O-47,T3,54.79,58.0,O-59,T3,58.0,63.53,O-64,T3,63.53,65.14,O-65,T3,65.14,67.3,O-68,T3,67.3,69.2,O-70,T3,69.2,71.13,O-55,T3,73.04,75.76,O-62,T3,75.76,76.88,,,,,,,,,,,,,,,,,,,,,,,,,,,,,,,,,,,,,,,,,,,,,61.36,38.64,61.36
Simulation1,FCFS + FCFS,C-2,O-5,T3,8.09,9.86,O-8,T3,9.86,14.49,O-2,T3,14.49,17.44,O-15,T3,24.84,28.77,O-30,T3,28.77,30.78,O-12,T3,30.78,34.88,O-22,T3,34.88,39.81,O-43,T3,39.81,41.05,O-39,T3,41.05,44.75,O-33,T3,44.75,50.32,O-50,T3,50.32,53.61,O-58,T3,53.61,57.27,O-40,T3,57.27,59.87,O-57,T3,59.87,62.02,O-41,T3,62.02,63.78,O-45,T3,65.95,68.42,O-46,T3,68.42,70.19,O-48,T3,70.19,73.78,O-53,T3,73.78,80.48,O-52,T3,80.48,84.71,,,,,,,,,,,,,,,,,,,,,,,,,,,,,,,,,,,,,,,,,,,,,,,,,,,,,,,,,67.05,32.95,67.05
Simulation1,FCFS + FCFS,D-1,O-2,T4,2.05,6.32,O-1,T4,6.32,10.35,O-11,T4,10.35,14.67,O-13,T4,14.67,18.41,O-14,T4,18.41,22.66,O-23,T4,22.66,26.11,O-31,T4,26.22,30.8,O-39,T4,31.81,36.42,O-44,T4,36.58,40.44,O-50,T4,40.44,45.34,O-57,T4,45.34,49.68,O-65,T4,49.94,54.54,O-56,T4,54.54,58.29,O-58,T4,58.29,62.44,O-62,T4,95.18,99.2,O-48,T4,99.2,,,,,,,,,,,,,,,,,,,,,,,,,,,,,,,,,,,,,,,,,,,,,,,,,,,,,,,,,,,,,,,,,,,,,,,,,,63.67,36.33,63.67
Simulation1,FCFS + FCFS,D-2,O-3,T4,2.17,5.46,O-7,T4,6.42,10.97,O-5,T4,10.97,14.28,O-12,T4,14.28,18.13,O-17,T4,18.13,21.25,O-21,T4,21.25,25.6,O-27,T4,25.6,28.85,O-33,T4,29.12,33.4,O-42,T4,33.4,37.15,O-28,T4,37.15,41.29,O-49,T4,41.29,45.1,O-54,T4,45.1,48.48,O-61,T4,48.48,52.33,O-70,T4,53.33,57.58,O-64,T4,65.2,68.61,O-41,T4,88.01,91.8,,,,,,,,,,,,,,,,,,,,,,,,,,,,,,,,,,,,,,,,,,,,,,,,,,,,,,,,,,,,,,,,,,,,,,,,,60.38,39.62,60.38
Simulation1,FCFS + FCFS,D-3,O-4,T4,2.94,7.16,O-9,T4,8.0,12.57,O-15,T4,12.57,15.63,O-8,T4,15.63,19.75,O-16,T4,19.75,24.39,O-24,T4,24.39,29.61,O-34,T4,29.83,34.02,O-30,T4,34.02,37.65,O-47,T4,38.79,42.93,O-26,T4,42.93,46.48,O-59,T4,46.48,50.2,O-68,T4,52.32,57.76,O-29,T4,63.28,69.26,O-36,T4,69.26,73.51,O-45,T4,89.92,93.24,,,,,,,,,,,,,,,,,,,,,,,,,,,,,,,,,,,,,,,,,,,,,,,,,,,,,,,,,,,,,,,,,,,,,,,,,,,,,64.05,35.95,64.05
Simulation1,FCFS + FCFS,E-1,O-1,T5,10.35,12.46,O-2,T5,15.82,20.34,O-8,T5,20.34,27.36,O-30,T5,37.65,41.16,O-31,T5,41.16,45.65,O-28,T5,45.65,48.31,O-26,T5,48.31,53.13,O-50,T5,55.67,59.87,O-33,T5,59.87,62.22,O-59,T5,62.22,67.02,O-36,T5,73.51,78.5,O-70,T5,86.15,88.86,O-45,T5,93.24,96.96,,,,,,,,,,,,,,,,,,,,,,,,,,,,,,,,,,,,,,,,,,,,,,,,,,,,,,,,,,,,,,,,,,,,,,,,,,,,,,,,,,,,,51.9,48.1,51.9
Simulation2,FCFS + SPT,A-1,O-1,T1,0.0,0.68,O-5,T1,5.63,8.09,O-4,T1,8.09,9.12,O-6,T1,9.12,11.92,O-2,T1,11.92,12.73,O-18,T1,14.08,16.75,O-15,T1,16.75,24.84,O-13,T1,24.84,25.09,O-12,T1,25.09,27.58,O-22,T1,27.58,30.55,O-26,T1,30.55,32.23,O-31,T1,32.23,34.27,O-33,T1,34.27,34.8,O-29,T1,34.8,35.01,O-32,T1,35.01,37.01,O-39,T1,37.01,40.02,O-37,T1,40.02,40.6,O-38,T1,40.6,45.66,O-50,T1,45.66,46.87,O-56,T1,46.87,48.13,O-40,T1,48.13,51.32,O-64,T1,51.32,56.19,O-59,T1,56.19,60.26,O-65,T1,60.26,61.76,O-46,T1,61.76,63.74,O-48,T1,63.74,67.92,O-51,T1,67.92,70.81,O-53,T1,70.81,72.33,O-60,T1,72.33,77.01,O-67,T1,77.01,80.56,O-69,T1,80.56,83.61,,,,,,,,,,,,,77.31,22.69,77.31
Simulation2,FCFS + SPT,A-2,O-3,T1,5.46,8.59,O-8,T1,8.59,9.82,O-10,T1,9.82,13.85,O-9,T1,13.85,14.8,O-7,T1,14.8,19.37,O-20,T1,19.37,22.38,O-19,T1,22.38,24.45,O-14,T1,24.45,25.67,O-28,T1,25.67,26.41,O-30,T1,26.41,27.64,O-25,T1,27.64,31.17,O-27,T1,31.17,36.71,O-43,T1,36.71,37.63,O-35,T1,37.63,38.44,O-36,T1,38.44,44.03,O-47,T1,44.03,47.34,O-58,T1,47.34,51.47,O-57,T1,51.47,54.47,O-41,T1,54.47,57.47,O-45,T1,57.47,62.55,O-68,T1,62.55,64.08,O-70,T1,64.08,68.49,O-52,T1,68.49,71.56,O-55,T1,71.56,72.95,O-62,T1,72.95,74.86,O-63,T1,74.86,76.99,O-66,T1,76.99,85.48,,,,,,,,,,,,,,,,,,,,,,,,,,,,,80.02,19.98,80.02
Simulation2,FCFS + SPT,B-1,O-1,T2,0.68,2.37,O-5,T2,8.09,9.95,O-6,T2,11.92,15.06,O-9,T2,15.06,17.48,O-20,T2,22.38,24.14,O-13,T2,25.09,27.87,O-30,T2,27.87,30.79,O-12,T2,30.79,32.64,O-22,T2,32.64,34.91,O-29,T2,35.01,40.38,O-27,T2,40.38,49.43,O-56,T2,49.43,54.05,O-58,T2,54.05,58.15,O-50,T2,58.15,61.44,O-64,T2,61.44,65.78,O-36,T2,65.78,68.52,O-41,T2,68.52,72.45,O-53,T2,72.45,79.67,O-55,T2,79.67,82.9,O-57,T2,82.9,90.19,O-52,T2,90.19,97.69,,,,,,,,,,,,,,,,,,,,,,,,,,,,,,,,,,,,,,,,,,,,,,,,,,,,,83.37,16.63,83.37
Simulation2,FCFS + SPT,B-2,O-3,T2,8.59,9.74,O-8,T2,9.82,12.97,O-2,T2,12.97,15.82,O-18,T2,16.75,24.44,O-15,T2,24.84,28.85,O-28,T2,28.85,33.45,O-25,T2,33.45,36.21,O-33,T2,36.21,38.45,O-43,T2,38.45,48.81,O-39,T2,48.81,58.34,O-31,T2,58.34,61.76,O-59,T2,61.76,65.24,O-45,T2,65.24,67.15,O-65,T2,67.15,69.42,O-48,T2,69.42,71.92,O-68,T2,71.92,74.63,O-26,T2,74.63,79.0,O-46,T2,79.0,83.46,O-47,T2,83.46,88.42,O-40,T2,88.42,94.23,O-70,T2,94.23,,,,,,,,,,,,,,,,,,,,,,,,,,,,,,,,,,,,,,,,,,,,,,,,,,,,,,90.0,10.0,90.0
Simulation2,FCFS + SPT,C-1,O-1,T3,0.68,2.13,O-3,T3,8.59,12.46,O-6,T3,12.46,15.22,O-9,T3,15.22,16.88,O-18,T3,16.88,18.11,O-20,T3,22.38,24.21,O-13,T3,25.09,30.98,O-28,T3,30.98,34.0,O-22,T3,34.0,38.93,O-27,T3,38.93,41.0,O-29,T3,41.0,45.77,O-25,T3,45.77,50.94,O-56,T3,50.94,53.53,O-58,T3,53.53,57.19,O-50,T3,57.19,60.48,O-57,T3,60.48,62.63,O-45,T3,62.63,65.1,O-46,T3,65.1,66.87,O-40,T3,66.87,69.47,O-48,T3,69.47,73.06,O-55,T3,73.06,75.78,O-52,T3,75.78,80.01,O-53,T3,80.01,86.71,,,,,,,,,,,,,,,,,,,,,,,,,,,,,,,,,,,,,,,,,,,,,74.42,25.58,74.42
Simulation2,FCFS + SPT,C-2,O-5,T3,8.09,9.86,O-8,T3,9.86,14.49,O-2,T3,14.49,17.44,O-15,T3,24.84,28.77,O-30,T3,28.77,30.78,O-12,T3,30.78,34.88,O-31,T3,34.88,36.21,O-26,T3,36.21,38.29,O-43,T3,38.29,39.53,O-33,T3,39.53,45.1,O-39,T3,45.1,48.8,O-36,T3,48.8,50.26,O-47,T3,50.26,53.47,O-64,T3,56.19,57.8,O-41,T3,57.8,59.56,O-59,T3,60.26,65.79,O-68,T3,65.79,67.69,O-65,T3,67.69,69.85,O-70,T3,69.85,71.78,O-62,T3,74.86,75.98,,,,,,,,,,,,,,,,,,,,,,,,,,,,,,,,,,,,,,,,,,,,,,,,,,,,,,,,,53.99,46.01,53.99
Simulation2,FCFS + SPT,D-1,O-2,T4,2.05,6.32,O-1,T4,6.32,10.35,O-11,T4,10.35,14.67,O-13,T4,14.67,18.41,O-14,T4,18.41,22.66,O-23,T4,22.66,26.11,O-31,T4,26.22,30.8,O-39,T4,31.81,36.42,O-44,T4,36.58,40.44,O-50,T4,40.44,45.34,O-57,T4,45.34,49.68,O-65,T4,49.94,54.54,O-56,T4,54.54,58.29,,,,,,,,,,,,,,,,,,,,,,,,,,,,,,,,,,,,,,,,,,,,,,,,,,,,,,,,,,,,,,,,,,,,,,,,,,,,,,,,,,,,,54.7,45.3,54.7
Simulation2,FCFS + SPT,D-2,O-3,T4,2.17,5.46,O-7,T4,6.42,10.97,O-5,T4,10.97,14.28,O-12,T4,14.28,18.13,O-17,T4,18.13,21.25,O-21,T4,21.25,25.6,O-27,T4,25.6,28.85,O-33,T4,29.12,33.4,O-42,T4,33.4,37.15,O-28,T4,37.15,41.29,O-49,T4,41.29,45.1,O-54,T4,45.1,48.48,O-59,T4,48.48,52.2,O-68,T4,52.32,57.76,O-58,T4,58.15,62.3,O-48,T4,71.92,75.9,O-53,T4,79.67,83.62,O-55,T4,83.62,87.49,,,,,,,,,,,,,,,,,,,,,,,,,,,,,,,,,,,,,,,,,,,,,,,,,,,,,,,,,,,,,,,,,70.19,29.81,70.19
Simulation2,FCFS + SPT,D-3,O-4,T4,2.94,7.16,O-9,T4,8.0,12.57,O-15,T4,12.57,15.63,O-8,T4,15.63,19.75,O-16,T4,19.75,24.39,O-24,T4,24.39,29.61,O-34,T4,29.83,34.02,O-30,T4,34.02,37.65,O-47,T4,38.79,42.93,O-29,T4,42.93,48.91,O-61,T4,48.91,52.76,O-70,T4,53.33,57.58,O-64,T4,65.78,69.19,O-45,T4,69.19,72.51,O-41,T4,72.51,76.3,O-36,T4,76.3,80.55,O-26,T4,80.55,84.1,,,,,,,,,,,,,,,,,,,,,,,,,,,,,,,,,,,,,,,,,,,,,,,,,,,,,,,,,,,,,,,,,,,,,70.19,29.81,70.19
Simulation2,FCFS + SPT,E-1,O-1,T5,10.35,12.46,O-2,T5,15.82,20.34,O-8,T5,20.34,27.36,O-30,T5,37.65,41.16,O-33,T5,41.16,43.51,O-28,T5,43.51,46.17,O-50,T5,61.44,65.64,O-59,T5,65.64,70.44,O-31,T5,70.44,74.93,O-45,T5,74.93,78.65,O-36,T5,80.55,85.54,O-53,T5,85.54,89.43,O-55,T5,89.43,93.51,O-26,T5,93.51,98.33,,,,,,,,,,,,,,,,,,,,,,,,,,,,,,,,,,,,,,,,,,,,,,,,,,,,,,,,,,,,,,,,,,,,,,,,,,,,,,,,,57.16,42.84,57.16
Simulation3,FCFS + PST,A-1,O-1,T1,0.0,0.68,O-5,T1,5.63,8.09,O-6,T1,8.09,10.89,O-4,T1,10.89,11.92,O-2,T1,11.92,12.73,O-18,T1,14.08,16.75,O-15,T1,16.75,24.84,O-12,T1,24.84,27.33,O-13,T1,27.33,27.58,O-22,T1,27.58,30.55,O-26,T1,30.55,32.23,O-31,T1,32.23,34.27,O-33,T1,34.27,34.8,O-29,T1,34.8,35.01,O-32,T1,35.01,37.01,O-39,T1,37.01,40.02,O-37,T1,40.02,40.6,O-38,T1,40.6,45.66,O-50,T1,45.66,46.87,O-56,T1,46.87,48.13,O-40,T1,48.13,51.32,O-64,T1,51.32,56.19,O-59,T1,56.19,60.26,O-45,T1,60.26,65.34,O-48,T1,65.34,69.52,O-52,T1,69.52,72.59,O-60,T1,72.59,77.27,O-67,T1,77.27,80.82,O-69,T1,80.82,83.87,,,,,,,,,,,,,,,,,,,,,77.57,22.43,77.57
Simulation3,FCFS + PST,A-2,O-3,T1,5.46,8.59,O-8,T1,8.59,9.82,O-10,T1,9.82,13.85,O-9,T1,13.85,14.8,O-7,T1,14.8,19.37,O-20,T1,19.37,22.38,O-19,T1,22.38,24.45,O-14,T1,24.45,25.67,O-28,T1,25.67,26.41,O-30,T1,26.41,27.64,O-25,T1,27.64,31.17,O-27,T1,31.17,36.71,O-43,T1,36.71,37.63,O-35,T1,37.63,38.44,O-36,T1,38.44,44.03,O-47,T1,44.03,47.34,O-58,T1,47.34,51.47,O-57,T1,51.47,54.47,O-41,T1,54.47,57.47,O-65,T1,57.47,58.97,O-70,T1,58.97,63.38,O-68,T1,63.38,64.91,O-46,T1,64.91,66.89,O-51,T1,66.89,69.78,O-53,T1,69.78,71.3,O-55,T1,71.3,72.69,O-62,T1,72.69,74.6,O-63,T1,74.6,76.73,O-66,T1,76.73,85.22,,,,,,,,,,,,,,,,,,,,,79.76,20.24,79.76
Simulation3,FCFS + PST,B-1,O-1,T2,0.68,2.37,O-5,T2,8.09,9.95,O-6,T2,10.89,14.03,O-9,T2,14.8,17.22,O-18,T2,17.22,24.91,O-28,T2,26.41,31.01,O-12,T2,31.01,32.86,O-13,T2,32.86,35.64,O-29,T2,35.64,41.01,O-39,T2,41.01,50.54,O-27,T2,50.54,59.59,O-64,T2,59.59,63.93,O-59,T2,63.93,67.41,O-36,T2,67.41,70.15,O-45,T2,70.15,72.06,O-40,T2,72.06,77.87,O-62,T2,77.87,86.9,O-55,T2,86.9,90.13,O-47,T2,90.13,95.09,O-70,T2,95.09,,,,,,,,,,,,,,,,,,,,,,,,,,,,,,,,,,,,,,,,,,,,,,,,,,,,,,,,,,90.39,9.61,90.39
Simulation3,FCFS + PST,B-2,O-3,T2,8.59,9.74,O-8,T2,9.82,12.97,O-2,T2,12.97,15.82,O-20,T2,22.38,24.14,O-15,T2,24.84,28.85,O-30,T2,28.85,31.77,O-25,T2,31.77,34.53,O-26,T2,34.53,38.9,O-43,T2,38.9,49.26,O-56,T2,49.26,53.88,O-58,T2,53.88,57.98,O-50,T2,57.98,61.27,O-22,T2,61.27,63.54,O-31,T2,63.54,66.96,O-33,T2,66.96,69.2,O-46,T2,69.2,73.66,O-53,T2,73.66,80.88,O-41,T2,80.88,84.81,O-57,T2,84.81,92.1,O-48,T2,92.1,94.6,O-52,T2,94.6,,,,,,,,,,,,,,,,,,,,,,,,,,,,,,,,,,,,,,,,,,,,,,,,,,,,,,84.07,15.93,84.07
Simulation3,FCFS + PST,C-1,O-1,T3,0.68,2.13,O-3,T3,8.59,12.46,O-6,T3,12.46,15.22,O-9,T3,15.22,16.88,O-18,T3,16.88,18.11,O-20,T3,22.38,24.21,O-28,T3,26.41,29.43,O-13,T3,29.43,35.32,O-25,T3,35.32,40.49,O-27,T3,40.49,42.56,O-26,T3,42.56,44.64,O-31,T3,44.64,45.97,O-29,T3,45.97,50.74,O-56,T3,50.74,53.33,O-40,T3,53.33,55.93,O-36,T3,55.93,57.39,O-47,T3,57.39,60.6,O-59,T3,60.6,66.13,O-57,T3,66.13,68.28,O-70,T3,68.28,70.21,O-53,T3,71.3,78.0,O-52,T3,78.0,82.23,,,,,,,,,,,,,,,,,,,,,,,,,,,,,,,,,,,,,,,,,,,,,,,,,67.53,32.47,67.53
Simulation3,FCFS + PST,C-2,O-5,T3,8.09,9.86,O-8,T3,9.86,14.49,O-2,T3,14.49,17.44,O-15,T3,24.84,28.77,O-30,T3,28.77,30.78,O-12,T3,30.78,34.88,O-22,T3,34.88,39.81,O-43,T3,39.81,41.05,O-39,T3,41.05,44.75,O-33,T3,44.75,50.32,O-50,T3,50.32,53.61,O-58,T3,53.61,57.27,O-64,T3,57.27,58.88,O-41,T3,58.88,60.64,O-65,T3,60.64,62.8,O-68,T3,64.91,66.81,O-45,T3,66.81,69.28,O-46,T3,69.28,71.05,O-48,T3,71.05,74.64,O-55,T3,74.64,77.36,O-62,T3,77.36,78.48,,,,,,,,,,,,,,,,,,,,,,,,,,,,,,,,,,,,,,,,,,,,,,,,,,,,,60.88,39.12,60.88
Simulation3,FCFS + PST,D-1,O-2,T4,2.05,6.32,O-1,T4,6.32,10.35,O-11,T4,10.35,14.67,O-13,T4,14.67,18.41,O-14,T4,18.41,22.66,O-23,T4,22.66,26.11,O-31,T4,26.22,30.8,O-39,T4,31.81,36.42,O-42,T4,36.42,40.17,O-50,T4,40.17,45.07,O-54,T4,45.07,48.45,O-59,T4,48.45,52.17,O-65,T4,52.17,56.77,O-64,T4,63.93,67.34,O-41,T4,84.81,88.6,O-62,T4,88.6,92.62,O-55,T4,92.62,96.49,,,,,,,,,,,,,,,,,,,,,,,,,,,,,,,,,,,,,,,,,,,,,,,,,,,,,,,,,,,,,,,,,,,,,68.69,31.31,68.69
Simulation3,FCFS + PST,D-2,O-3,T4,2.17,5.46,O-7,T4,6.42,10.97,O-5,T4,10.97,14.28,O-12,T4,14.28,18.13,O-17,T4,18.13,21.25,O-21,T4,21.25,25.6,O-27,T4,25.6,28.85,O-33,T4,29.12,33.4,O-28,T4,33.4,37.54,O-44,T4,37.54,41.4,O-49,T4,41.4,45.21,O-57,T4,45.21,49.55,O-61,T4,49.55,53.4,O-70,T4,53.4,57.65,O-45,T4,72.06,75.38,O-48,T4,94.6,98.58,,,,,,,,,,,,,,,,,,,,,,,,,,,,,,,,,,,,,,,,,,,,,,,,,,,,,,,,,,,,,,,,,,,,,,,,,61.55,38.45,61.55
Simulation3,FCFS + PST,D-3,O-4,T4,2.94,7.16,O-9,T4,8.0,12.57,O-15,T4,12.57,15.63,O-8,T4,15.63,19.75,O-16,T4,19.75,24.39,O-24,T4,24.39,29.61,O-34,T4,29.83,34.02,O-30,T4,34.02,37.65,O-47,T4,38.79,42.93,O-26,T4,42.93,46.48,O-29,T4,46.48,52.46,O-68,T4,52.46,57.9,O-56,T4,57.9,61.65,O-58,T4,61.65,65.8,O-36,T4,70.15,74.4,O-53,T4,80.88,84.83,,,,,,,,,,,,,,,,,,,,,,,,,,,,,,,,,,,,,,,,,,,,,,,,,,,,,,,,,,,,,,,,,,,,,,,,,68.86,31.14,68.86
Simulation3,FCFS + PST,E-1,O-1,T5,10.35,12.46,O-2,T5,15.82,20.34,O-8,T5,20.34,27.36,O-28,T5,37.54,40.2,O-30,T5,40.2,43.71,O-26,T5,46.48,51.3,O-50,T5,61.27,65.47,O-31,T5,66.96,71.45,O-59,T5,71.45,76.25,O-33,T5,76.25,78.6,O-36,T5,78.6,83.59,O-45,T5,83.59,87.31,O-53,T5,87.31,91.2,O-55,T5,96.49,,,,,,,,,,,,,,,,,,,,,,,,,,,,,,,,,,,,,,,,,,,,,,,,,,,,,,,,,,,,,,,,,,,,,,,,,,,,,,,,,,56.59,43.41,56.59
Simulation4,CR + FCFS,A-1,O-1,T1,0.0,0.68,O-5,T1,5.63,8.09,O-4,T1,8.09,9.12,O-6,T1,9.12,11.92,O-2,T1,11.92,12.73,O-18,T1,14.08,16.75,O-12,T1,16.75,19.24,O-14,T1,19.24,20.46,O-15,T1,20.46,28.55,O-13,T1,28.55,28.8,O-26,T1,28.8,30.48,O-29,T1,30.48,30.69,O-25,T1,30.69,34.22,O-33,T1,34.22,34.75,O-36,T1,34.75,40.34,O-39,T1,40.34,43.35,O-47,T1,43.35,46.66,O-50,T1,46.66,47.87,O-41,T1,47.87,50.87,O-59,T1,50.87,54.94,O-57,T1,54.94,57.94,O-65,T1,57.94,59.44,O-68,T1,59.44,60.97,O-52,T1,60.97,64.04,O-46,T1,64.04,66.02,O-55,T1,66.02,67.41,O-62,T1,67.41,69.32,O-32,T1,69.32,71.32,O-37,T1,71.32,71.9,O-60,T1,71.9,76.58,O-35,T1,76.58,77.39,O-51,T1,77.39,80.28,O-63,T1,80.28,82.41,O-69,T1,82.41,85.46,79.16,20.84,79.16
Simulation4,CR + FCFS,A-2,O-3,T1,5.46,8.59,O-8,T1,8.59,9.82,O-10,T1,9.82,13.85,O-9,T1,13.85,14.8,O-7,T1,14.8,19.37,O-20,T1,19.37,22.38,O-19,T1,22.38,24.45,O-22,T1,24.45,27.42,O-28,T1,27.42,28.16,O-30,T1,28.16,29.39,O-27,T1,29.39,34.93,O-31,T1,34.93,36.97,O-43,T1,36.97,37.89,O-45,T1,37.89,42.97,O-53,T1,42.97,44.49,O-56,T1,44.49,45.75,O-58,T1,45.75,49.88,O-64,T1,49.88,54.75,O-40,T1,54.75,57.94,O-48,T1,57.94,62.12,O-70,T1,62.12,66.53,O-38,T1,66.53,71.59,O-66,T1,71.59,80.08,O-67,T1,80.08,83.63,,,,,,,,,,,,,,,,,,,,,,,,,,,,,,,,,,,,,,,,,78.17,21.83,78.17
Simulation4,CR + FCFS,B-1,O-1,T2,0.68,2.37,O-5,T2,8.09,9.95,O-6,T2,11.92,15.06,O-9,T2,15.06,17.48,O-12,T2,19.24,21.09,O-20,T2,22.38,24.14,O-22,T2,27.42,29.69,O-30,T2,29.69,32.61,O-15,T2,32.61,36.62,O-26,T2,36.62,40.99,O-43,T2,40.99,51.35,O-58,T2,51.35,55.45,O-50,T2,55.45,58.74,O-25,T2,58.74,61.5,O-33,T2,61.5,63.74,O-53,T2,63.74,70.96,O-41,T2,70.96,74.89,O-57,T2,74.89,82.18,O-48,T2,82.18,84.68,O-52,T2,84.68,92.18,O-46,T2,92.18,96.64,O-55,T2,96.64,99.87,O-62,T2,99.87,,,,,,,,,,,,,,,,,,,,,,,,,,,,,,,,,,,,,,,,,,,,,,85.3,14.7,85.3
Simulation4,CR + FCFS,B-2,O-3,T2,8.59,9.74,O-8,T2,9.82,12.97,O-2,T2,12.97,15.82,O-18,T2,16.75,24.44,O-28,T2,28.16,32.76,O-13,T2,32.76,35.54,O-29,T2,35.54,40.91,O-27,T2,40.91,49.96,O-56,T2,49.96,54.58,O-39,T2,54.58,64.11,O-64,T2,64.11,68.45,O-59,T2,68.45,71.93,O-31,T2,71.93,75.35,O-36,T2,75.35,78.09,O-45,T2,78.09,80.0,O-47,T2,80.0,84.96,O-40,T2,84.96,90.77,O-65,T2,90.77,93.04,O-68,T2,93.04,95.75,O-70,T2,95.75,,,,,,,,,,,,,,,,,,,,,,,,,,,,,,,,,,,,,,,,,,,,,,,,,,,,,,,,,,86.68,13.32,86.68
Simulation4,CR + FCFS,C-1,O-1,T3,0.68,2.13,O-3,T3,8.59,12.46,O-6,T3,12.46,15.22,O-9,T3,15.22,16.88,O-18,T3,16.88,18.11,O-12,T3,19.24,23.34,O-20,T3,23.34,25.17,O-28,T3,28.16,31.18,O-30,T3,31.18,33.19,O-26,T3,33.19,35.27,O-29,T3,35.27,40.04,O-33,T3,40.04,45.61,O-39,T3,45.61,49.31,O-56,T3,49.31,51.9,O-58,T3,51.9,55.56,O-50,T3,55.56,58.85,O-59,T3,58.85,64.38,O-27,T3,64.38,66.45,O-31,T3,66.45,67.78,O-41,T3,67.78,69.54,O-57,T3,69.54,71.69,O-48,T3,71.69,75.28,O-55,T3,75.28,78.0,,,,,,,,,,,,,,,,,,,,,,,,,,,,,,,,,,,,,,,,,,,,,66.74,33.26,66.74
Simulation4,CR + FCFS,C-2,O-5,T3,8.09,9.86,O-8,T3,9.86,14.49,O-2,T3,14.49,17.44,O-22,T3,27.42,32.35,O-15,T3,32.35,36.28,O-13,T3,36.28,42.17,O-43,T3,42.17,43.41,O-25,T3,43.41,48.58,O-36,T3,48.58,50.04,O-45,T3,50.04,52.51,O-53,T3,52.51,59.21,O-64,T3,59.21,60.82,O-47,T3,60.82,64.03,O-40,T3,64.03,66.63,O-65,T3,66.63,68.79,O-68,T3,68.79,70.69,O-52,T3,70.69,74.92,O-46,T3,74.92,76.69,O-70,T3,76.69,78.62,O-62,T3,78.62,79.74,,,,,,,,,,,,,,,,,,,,,,,,,,,,,,,,,,,,,,,,,,,,,,,,,,,,,,,,,61.67,38.33,61.67
Simulation4,CR + FCFS,D-1,O-2,T4,2.05,6.32,O-1,T4,6.32,10.35,O-12,T4,10.35,14.2,O-13,T4,14.2,17.94,O-17,T4,17.94,21.06,O-11,T4,21.06,25.38,O-23,T4,25.38,28.83,O-33,T4,29.12,33.4,O-30,T4,33.4,37.03,O-28,T4,37.03,41.17,O-54,T4,41.17,44.55,O-49,T4,44.55,48.36,O-57,T4,48.36,52.7,O-68,T4,52.7,58.14,O-56,T4,58.14,61.89,O-55,T4,99.87,,,,,,,,,,,,,,,,,,,,,,,,,,,,,,,,,,,,,,,,,,,,,,,,,,,,,,,,,,,,,,,,,,,,,,,,,,59.68,40.32,59.68
Simulation4,CR + FCFS,D-2,O-3,T4,2.17,5.46,O-7,T4,6.42,10.97,O-5,T4,10.97,14.28,O-15,T4,14.28,17.34,O-16,T4,17.34,21.98,O-24,T4,21.98,27.2,O-31,T4,27.2,31.78,O-39,T4,31.81,36.42,O-44,T4,36.58,40.44,O-50,T4,40.44,45.34,O-29,T4,45.34,51.32,O-61,T4,51.32,55.17,O-58,T4,55.45,59.6,O-41,T4,74.89,78.68,O-48,T4,84.68,88.66,,,,,,,,,,,,,,,,,,,,,,,,,,,,,,,,,,,,,,,,,,,,,,,,,,,,,,,,,,,,,,,,,,,,,,,,,,,,,63.77,36.23,63.77
Simulation4,CR + FCFS,D-3,O-4,T4,2.94,7.16,O-9,T4,8.0,12.57,O-14,T4,12.57,16.82,O-8,T4,16.82,20.94,O-21,T4,20.94,25.29,O-27,T4,25.29,28.54,O-34,T4,29.83,34.02,O-42,T4,34.02,37.77,O-47,T4,38.79,42.93,O-26,T4,42.93,46.48,O-59,T4,46.48,50.2,O-65,T4,50.2,54.8,O-70,T4,54.8,59.05,O-64,T4,68.45,71.86,O-53,T4,71.86,75.81,O-36,T4,78.09,82.34,O-45,T4,82.34,85.66,,,,,,,,,,,,,,,,,,,,,,,,,,,,,,,,,,,,,,,,,,,,,,,,,,,,,,,,,,,,,,,,,,,,,67.89,32.11,67.89
Simulation4,CR + FCFS,E-1,O-1,T5,10.35,12.46,O-2,T5,15.82,20.34,O-8,T5,20.94,27.96,O-30,T5,37.03,40.54,O-28,T5,41.17,43.83,O-26,T5,46.48,51.3,O-50,T5,58.74,62.94,O-33,T5,63.74,66.09,O-59,T5,71.93,76.73,O-31,T5,76.73,81.22,O-53,T5,81.22,85.11,O-36,T5,85.11,90.1,O-45,T5,90.1,93.82,,,,,,,,,,,,,,,,,,,,,,,,,,,,,,,,,,,,,,,,,,,,,,,,,,,,,,,,,,,,,,,,,,,,,,,,,,,,,,,,,,,,,53.08,46.92,53.08
Simulation5,CR + SPT,A-1,O-1,T1,0.0,0.68,O-5,T1,5.63,8.09,O-4,T1,8.09,9.12,O-6,T1,9.12,11.92,O-2,T1,11.92,12.73,O-18,T1,14.08,16.75,O-12,T1,16.75,19.24,O-13,T1,19.24,19.49,O-14,T1,19.49,20.71,O-15,T1,20.71,28.8,O-22,T1,28.8,31.77,O-36,T1,31.77,37.36,O-33,T1,37.36,37.89,O-43,T1,37.89,38.81,O-39,T1,38.81,41.82,O-53,T1,41.82,43.34,O-41,T1,43.34,46.34,O-50,T1,46.34,47.55,O-47,T1,47.55,50.86,O-40,T1,50.86,54.05,O-57,T1,54.05,57.05,O-65,T1,57.05,58.55,O-70,T1,58.55,62.96,O-68,T1,62.96,64.49,O-52,T1,64.49,67.56,O-32,T1,67.56,69.56,O-62,T1,69.56,71.47,O-66,T1,71.47,79.96,O-67,T1,79.96,83.51,,,,,,,,,,,,,,,,,,,,,77.21,22.79,77.21
Simulation5,CR + SPT,A-2,O-3,T1,5.46,8.59,O-8,T1,8.59,9.82,O-10,T1,9.82,13.85,O-9,T1,13.85,14.8,O-7,T1,14.8,19.37,O-20,T1,19.37,22.38,O-19,T1,22.38,24.45,O-28,T1,24.45,25.19,O-26,T1,25.19,26.87,O-30,T1,26.87,28.1,O-29,T1,28.1,28.31,O-25,T1,28.31,31.84,O-31,T1,31.84,33.88,O-27,T1,33.88,39.42,O-45,T1,39.42,44.5,O-56,T1,44.5,45.76,O-58,T1,45.76,49.89,O-64,T1,49.89,54.76,O-59,T1,54.76,58.83,O-48,T1,58.83,63.01,O-46,T1,63.01,64.99,O-55,T1,64.99,66.38,O-38,T1,66.38,71.44,O-37,T1,71.44,72.02,O-60,T1,72.02,76.7,O-35,T1,76.7,77.51,O-51,T1,77.51,80.4,O-63,T1,80.4,82.53,O-69,T1,82.53,85.58,,,,,,,,,,,,,,,,,,,,,80.12,19.88,80.12
Simulation5,CR + SPT,B-1,O-1,T2,0.68,2.37,O-5,T2,8.09,9.95,O-6,T2,11.92,15.06,O-9,T2,15.06,17.48,O-12,T2,19.24,21.09,O-20,T2,22.38,24.14,O-28,T2,25.19,29.79,O-15,T2,29.79,33.8,O-22,T2,33.8,36.07,O-25,T2,36.07,38.83,O-33,T2,38.83,41.07,O-36,T2,41.07,43.81,O-39,T2,43.81,53.34,O-50,T2,53.34,56.63,O-64,T2,56.63,60.97,O-59,T2,60.97,64.45,O-45,T2,64.45,66.36,O-65,T2,66.36,68.63,O-68,T2,68.63,71.34,O-47,T2,71.34,76.3,O-70,T2,76.3,83.22,O-53,T2,83.22,90.44,O-62,T2,90.44,99.47,,,,,,,,,,,,,,,,,,,,,,,,,,,,,,,,,,,,,,,,,,,,,87.0,13.0,87.0
Simulation5,CR + SPT,B-2,O-3,T2,8.59,9.74,O-8,T2,9.82,12.97,O-2,T2,12.97,15.82,O-18,T2,16.75,24.44,O-13,T2,24.44,27.22,O-26,T2,27.22,31.59,O-30,T2,31.59,34.51,O-31,T2,34.51,37.93,O-29,T2,37.93,43.3,O-43,T2,43.3,53.66,O-58,T2,53.66,57.76,O-56,T2,57.76,62.38,O-41,T2,62.38,66.31,O-48,T2,66.31,68.81,O-55,T2,68.81,72.04,O-46,T2,72.04,76.5,O-40,T2,76.5,82.31,O-57,T2,82.31,89.6,O-52,T2,89.6,97.1,O-27,T2,97.1,,,,,,,,,,,,,,,,,,,,,,,,,,,,,,,,,,,,,,,,,,,,,,,,,,,,,,,,,,90.4,9.6,90.4
Simulation5,CR + SPT,C-1,O-1,T3,0.68,2.13,O-3,T3,8.59,12.46,O-6,T3,12.46,15.22,O-9,T3,15.22,16.88,O-18,T3,16.88,18.11,O-12,T3,19.24,23.34,O-20,T3,23.34,25.17,O-28,T3,25.19,28.21,O-26,T3,28.21,30.29,O-22,T3,31.77,36.7,O-25,T3,36.7,41.87,O-36,T3,41.87,43.33,O-27,T3,43.33,45.4,O-33,T3,45.4,50.97,O-56,T3,50.97,53.56,O-58,T3,53.56,57.22,O-64,T3,57.22,58.83,O-59,T3,58.83,64.36,O-41,T3,64.36,66.12,O-68,T3,66.12,68.02,O-70,T3,68.02,69.95,O-57,T3,69.95,72.1,O-62,T3,72.1,73.22,O-40,T3,73.22,75.82,,,,,,,,,,,,,,,,,,,,,,,,,,,,,,,,,,,,,,,,,66.05,33.95,66.05
Simulation5,CR + SPT,C-2,O-5,T3,8.09,9.86,O-8,T3,9.86,14.49,O-2,T3,14.49,17.44,O-13,T3,19.49,25.38,O-30,T3,28.1,30.11,O-15,T3,30.11,34.04,O-31,T3,34.04,35.37,O-29,T3,35.37,40.14,O-43,T3,40.14,41.38,O-39,T3,41.82,45.52,O-45,T3,45.52,47.99,O-50,T3,47.99,51.28,O-47,T3,51.28,54.49,O-53,T3,54.49,61.19,O-65,T3,61.19,63.35,O-48,T3,63.35,66.94,O-46,T3,66.94,68.71,O-55,T3,68.71,71.43,O-52,T3,71.43,75.66,,,,,,,,,,,,,,,,,,,,,,,,,,,,,,,,,,,,,,,,,,,,,,,,,,,,,,,,,,,,,62.36,37.64,62.36
Simulation5,CR + SPT,D-1,O-2,T4,2.05,6.32,O-1,T4,6.32,10.35,O-12,T4,10.35,14.2,O-13,T4,14.2,17.94,O-17,T4,17.94,21.06,O-21,T4,21.06,25.41,O-23,T4,25.41,28.86,O-33,T4,29.12,33.4,O-39,T4,33.4,38.01,O-30,T4,38.01,41.64,O-54,T4,41.64,45.02,O-36,T4,45.02,49.27,O-57,T4,49.27,53.61,O-70,T4,53.61,57.86,O-58,T4,57.86,62.01,O-45,T4,66.36,69.68,O-53,T4,90.44,94.39,,,,,,,,,,,,,,,,,,,,,,,,,,,,,,,,,,,,,,,,,,,,,,,,,,,,,,,,,,,,,,,,,,,,,66.97,33.03,66.97
Simulation5,CR + SPT,D-2,O-3,T4,2.17,5.46,O-7,T4,6.42,10.97,O-5,T4,10.97,14.28,O-15,T4,14.28,17.34,O-16,T4,17.34,21.98,O-24,T4,21.98,27.2,O-31,T4,27.2,31.78,O-34,T4,31.78,35.97,O-42,T4,35.97,39.72,O-47,T4,39.72,43.86,O-29,T4,43.86,49.84,O-49,T4,49.84,53.65,O-68,T4,53.65,59.09,O-64,T4,60.97,64.38,O-55,T4,72.04,75.91,O-62,T4,99.47,,,,,,,,,,,,,,,,,,,,,,,,,,,,,,,,,,,,,,,,,,,,,,,,,,,,,,,,,,,,,,,,,,,,,,,,,,63.77,36.23,63.77
Simulation5,CR + SPT,D-3,O-4,T4,2.94,7.16,O-9,T4,8.0,12.57,O-14,T4,12.57,16.82,O-8,T4,16.82,20.94,O-11,T4,20.94,25.26,O-27,T4,25.26,28.51,O-28,T4,29.79,33.93,O-26,T4,33.93,37.48,O-44,T4,37.48,41.34,O-50,T4,41.34,46.24,O-59,T4,46.24,49.96,O-65,T4,49.96,54.56,O-61,T4,54.56,58.41,O-56,T4,62.38,66.13,O-41,T4,66.31,70.1,O-48,T4,70.1,74.08,,,,,,,,,,,,,,,,,,,,,,,,,,,,,,,,,,,,,,,,,,,,,,,,,,,,,,,,,,,,,,,,,,,,,,,,,64.87,35.13,64.87
Simulation5,CR + SPT,E-1,O-1,T5,10.35,12.46,O-2,T5,15.82,20.34,O-8,T5,20.94,27.96,O-28,T5,33.93,36.59,O-26,T5,37.48,42.3,O-30,T5,42.3,45.81,O-33,T5,45.81,48.16,O-31,T5,48.16,52.65,O-36,T5,52.65,57.64,O-50,T5,57.64,61.84,O-59,T5,64.45,69.25,O-45,T5,69.68,73.4,O-55,T5,75.91,79.99,O-70,T5,83.22,85.93,O-53,T5,94.39,98.28,,,,,,,,,,,,,,,,,,,,,,,,,,,,,,,,,,,,,,,,,,,,,,,,,,,,,,,,,,,,,,,,,,,,,,,,,,,,,59.87,40.13,59.87
Simulation6,CR + PST,A-1,O-1,T1,0.0,0.68,O-5,T1,5.63,8.09,O-6,T1,8.09,10.89,O-4,T1,10.89,11.92,O-2,T1,11.92,12.73,O-18,T1,14.08,16.75,O-12,T1,16.75,19.24,O-15,T1,19.24,27.33,O-13,T1,27.33,27.58,O-14,T1,27.58,28.8,O-22,T1,28.8,31.77,O-36,T1,31.77,37.36,O-33,T1,37.36,37.89,O-43,T1,37.89,38.81,O-39,T1,38.81,41.82,O-53,T1,41.82,43.34,O-41,T1,43.34,46.34,O-50,T1,46.34,47.55,O-62,T1,47.55,49.46,O-64,T1,49.46,54.33,O-59,T1,54.33,58.4,O-47,T1,58.4,61.71,O-52,T1,61.71,64.78,O-46,T1,64.78,66.76,O-38,T1,66.76,71.82,O-60,T1,71.82,76.5,O-35,T1,76.5,77.31,O-51,T1,77.31,80.2,O-63,T1,80.2,82.33,O-69,T1,82.33,85.38,,,,,,,,,,,,,,,,,79.08,20.92,79.08
Simulation6,CR + PST,A-2,O-3,T1,5.46,8.59,O-8,T1,8.59,9.82,O-10,T1,9.82,13.85,O-9,T1,13.85,14.8,O-7,T1,14.8,19.37,O-20,T1,19.37,22.38,O-19,T1,22.38,24.45,O-28,T1,24.45,25.19,O-26,T1,25.19,26.87,O-30,T1,26.87,28.1,O-29,T1,28.1,28.31,O-25,T1,28.31,31.84,O-27,T1,31.84,37.38,O-31,T1,37.38,39.42,O-45,T1,39.42,44.5,O-56,T1,44.5,45.76,O-58,T1,45.76,49.89,O-40,T1,49.89,53.08,O-57,T1,53.08,56.08,O-65,T1,56.08,57.58,O-48,T1,57.58,61.76,O-70,T1,61.76,66.17,O-68,T1,66.17,67.7,O-32,T1,67.7,69.7,O-55,T1,69.7,71.09,O-37,T1,71.09,71.67,O-66,T1,71.67,80.16,O-67,T1,80.16,83.71,,,,,,,,,,,,,,,,,,,,,,,,,78.25,21.75,78.25
Simulation6,CR + PST,B-1,O-1,T2,0.68,2.37,O-5,T2,8.09,9.95,O-6,T2,10.89,14.03,O-9,T2,14.8,17.22,O-18,T2,17.22,24.91,O-12,T2,24.91,26.76,O-26,T2,26.87,31.24,O-30,T2,31.24,34.16,O-15,T2,34.16,38.17,O-27,T2,38.17,47.22,O-25,T2,47.22,49.98,O-58,T2,49.98,54.08,O-22,T2,54.08,56.35,O-64,T2,56.35,60.69,O-31,T2,60.69,64.11,O-53,T2,64.11,71.33,O-33,T2,71.33,73.57,O-45,T2,73.57,75.48,O-46,T2,75.48,79.94,O-40,T2,79.94,85.75,O-62,T2,85.75,94.78,O-47,T2,94.78,99.74,O-52,T2,99.74,,,,,,,,,,,,,,,,,,,,,,,,,,,,,,,,,,,,,,,,,,,,,,91.78,8.22,91.78
Simulation6,CR + PST,B-2,O-3,T2,8.59,9.74,O-8,T2,9.82,12.97,O-2,T2,12.97,15.82,O-20,T2,22.38,24.14,O-28,T2,25.19,29.79,O-13,T2,29.79,32.57,O-29,T2,32.57,37.94,O-36,T2,37.94,40.68,O-43,T2,40.68,51.04,O-56,T2,51.04,55.66,O-39,T2,55.66,65.19,O-50,T2,65.19,68.48,O-59,T2,68.48,71.96,O-41,T2,71.96,75.89,O-57,T2,75.89,83.18,O-55,T2,83.18,86.41,O-48,T2,86.41,88.91,O-70,T2,88.91,95.83,O-68,T2,95.83,98.54,,,,,,,,,,,,,,,,,,,,,,,,,,,,,,,,,,,,,,,,,,,,,,,,,,,,,,,,,,,,,82.26,17.74,82.26
Simulation6,CR + PST,C-1,O-1,T3,0.68,2.13,O-3,T3,8.59,12.46,O-6,T3,12.46,15.22,O-9,T3,15.22,16.88,O-18,T3,16.88,18.11,O-12,T3,19.24,23.34,O-20,T3,23.34,25.17,O-28,T3,25.19,28.21,O-26,T3,28.21,30.29,O-29,T3,30.29,35.06,O-25,T3,35.06,40.23,O-22,T3,40.23,45.16,O-27,T3,45.16,47.23,O-56,T3,47.23,49.82,O-31,T3,49.82,51.15,O-58,T3,51.15,54.81,O-64,T3,54.81,56.42,O-33,T3,56.42,61.99,O-40,T3,61.99,64.59,O-41,T3,64.59,66.35,O-47,T3,66.35,69.56,O-46,T3,69.56,71.33,O-57,T3,71.33,73.48,O-55,T3,73.48,76.2,O-62,T3,76.2,77.32,O-65,T3,77.32,79.48,,,,,,,,,,,,,,,,,,,,,,,,,,,,,,,,,71.19,28.81,71.19
Simulation6,CR + PST,C-2,O-5,T3,8.09,9.86,O-8,T3,9.86,14.49,O-2,T3,14.49,17.44,O-15,T3,27.33,31.26,O-30,T3,31.26,33.27,O-13,T3,33.27,39.16,O-43,T3,39.16,40.4,O-36,T3,40.4,41.86,O-39,T3,41.86,45.56,O-53,T3,45.56,52.26,O-50,T3,52.26,55.55,O-45,T3,55.55,58.02,O-59,T3,58.4,63.93,O-48,T3,63.93,67.52,O-52,T3,67.52,71.75,O-70,T3,71.75,73.68,O-68,T3,73.68,75.58,,,,,,,,,,,,,,,,,,,,,,,,,,,,,,,,,,,,,,,,,,,,,,,,,,,,,,,,,,,,,,,,,,,,,57.22,42.78,57.22
Simulation6,CR + PST,D-1,O-2,T4,2.05,6.32,O-1,T4,6.32,10.35,O-12,T4,10.35,14.2,O-13,T4,14.2,17.94,O-17,T4,17.94,21.06,O-21,T4,21.06,25.41,O-23,T4,25.41,28.86,O-33,T4,29.12,33.4,O-39,T4,33.4,38.01,O-30,T4,38.01,41.64,O-36,T4,41.64,45.89,O-59,T4,45.89,49.61,O-54,T4,49.61,52.99,O-68,T4,52.99,58.43,O-58,T4,58.43,62.58,O-64,T4,62.58,65.99,O-53,T4,71.33,75.28,O-45,T4,75.48,78.8,O-41,T4,78.8,82.59,,,,,,,,,,,,,,,,,,,,,,,,,,,,,,,,,,,,,,,,,,,,,,,,,,,,,,,,,,,,,74.74,25.26,74.74
Simulation6,CR + PST,D-2,O-3,T4,2.17,5.46,O-7,T4,6.42,10.97,O-5,T4,10.97,14.28,O-15,T4,14.28,17.34,O-16,T4,17.34,21.98,O-24,T4,21.98,27.2,O-31,T4,27.2,31.78,O-34,T4,31.78,35.97,O-42,T4,35.97,39.72,O-29,T4,39.72,45.7,O-57,T4,45.7,50.04,O-65,T4,50.04,54.64,O-61,T4,54.64,58.49,O-48,T4,88.91,92.89,,,,,,,,,,,,,,,,,,,,,,,,,,,,,,,,,,,,,,,,,,,,,,,,,,,,,,,,,,,,,,,,,,,,,,,,,,,,,,,,,59.34,40.66,59.34
Simulation6,CR + PST,D-3,O-4,T4,2.94,7.16,O-9,T4,8.0,12.57,O-14,T4,12.57,16.82,O-8,T4,16.82,20.94,O-11,T4,20.94,25.26,O-27,T4,25.26,28.51,O-28,T4,29.79,33.93,O-26,T4,33.93,37.48,O-44,T4,37.48,41.34,O-50,T4,41.34,46.24,O-47,T4,46.24,50.38,O-49,T4,50.38,54.19,O-70,T4,54.19,58.44,O-56,T4,58.44,62.19,O-55,T4,86.41,90.28,O-62,T4,94.78,98.8,,,,,,,,,,,,,,,,,,,,,,,,,,,,,,,,,,,,,,,,,,,,,,,,,,,,,,,,,,,,,,,,,,,,,,,,,65.02,34.98,65.02
Simulation6,CR + PST,E-1,O-1,T5,10.35,12.46,O-2,T5,15.82,20.34,O-8,T5,20.94,27.96,O-28,T5,33.93,36.59,O-26,T5,37.48,42.3,O-30,T5,42.3,45.81,O-36,T5,45.89,50.88,O-31,T5,64.11,68.6,O-50,T5,68.6,72.8,O-59,T5,72.8,77.6,O-33,T5,77.6,79.95,O-45,T5,79.95,83.67,O-53,T5,83.67,87.56,O-55,T5,90.28,94.36,O-70,T5,95.83,98.54,,,,,,,,,,,,,,,,,,,,,,,,,,,,,,,,,,,,,,,,,,,,,,,,,,,,,,,,,,,,,,,,,,,,,,,,,,,,,59.87,40.13,59.87
Simulation7,EDD + FCFS,A-1,O-1,T1,0.0,0.68,O-5,T1,5.63,8.09,O-4,T1,8.09,9.12,O-6,T1,9.12,11.92,O-2,T1,11.92,12.73,O-18,T1,14.08,16.75,O-12,T1,16.75,19.24,O-15,T1,19.24,27.33,O-14,T1,27.33,28.55,O-28,T1,28.55,29.29,O-30,T1,29.29,30.52,O-25,T1,30.52,34.05,O-33,T1,34.05,34.58,O-26,T1,34.58,36.26,O-43,T1,36.26,37.18,O-39,T1,37.18,40.19,O-29,T1,40.19,40.4,O-46,T1,40.4,42.38,O-35,T1,42.38,43.19,O-40,T1,43.19,46.38,O-50,T1,46.38,47.59,O-56,T1,47.59,48.85,O-58,T1,48.85,52.98,O-64,T1,52.98,57.85,O-70,T1,57.85,62.26,O-45,T1,62.26,67.34,O-48,T1,67.34,71.52,O-67,T1,71.52,75.07,O-62,T1,75.07,76.98,O-69,T1,76.98,80.03,O-66,T1,80.03,88.52,,,,,,,,,,,,,82.22,17.78,82.22
Simulation7,EDD + FCFS,A-2,O-3,T1,5.46,8.59,O-8,T1,8.59,9.82,O-10,T1,9.82,13.85,O-9,T1,13.85,14.8,O-7,T1,14.8,19.37,O-20,T1,19.37,22.38,O-19,T1,22.38,24.45,O-22,T1,24.45,27.42,O-13,T1,27.42,27.67,O-27,T1,27.67,33.21,O-31,T1,33.21,35.25,O-32,T1,35.25,37.25,O-37,T1,37.25,37.83,O-38,T1,37.83,42.89,O-36,T1,42.89,48.48,O-47,T1,48.48,51.79,O-59,T1,51.79,55.86,O-57,T1,55.86,58.86,O-65,T1,58.86,60.36,O-68,T1,60.36,61.89,O-41,T1,61.89,64.89,O-53,T1,64.89,66.41,O-51,T1,66.41,69.3,O-63,T1,69.3,71.43,O-52,T1,71.43,74.5,O-55,T1,74.5,75.89,O-60,T1,75.89,80.57,,,,,,,,,,,,,,,,,,,,,,,,,,,,,75.11,24.89,75.11
Simulation7,EDD + FCFS,B-1,O-1,T2,0.68,2.37,O-5,T2,8.09,9.95,O-6,T2,11.92,15.06,O-9,T2,15.06,17.48,O-12,T2,19.24,21.09,O-15,T2,27.33,31.34,O-22,T2,31.34,33.61,O-13,T2,33.61,36.39,O-27,T2,36.39,45.44,O-39,T2,45.44,54.97,O-56,T2,54.97,59.59,O-58,T2,59.59,63.69,O-59,T2,63.69,67.17,O-46,T2,67.17,71.63,O-47,T2,71.63,76.59,O-41,T2,76.59,80.52,O-53,T2,80.52,87.74,O-45,T2,87.74,89.65,O-48,T2,89.65,92.15,O-52,T2,92.15,99.65,O-55,T2,99.65,,,,,,,,,,,,,,,,,,,,,,,,,,,,,,,,,,,,,,,,,,,,,,,,,,,,,,83.63,16.37,83.63
Simulation7,EDD + FCFS,B-2,O-3,T2,8.59,9.74,O-8,T2,9.82,12.97,O-2,T2,12.97,15.82,O-18,T2,16.75,24.44,O-20,T2,24.44,26.2,O-28,T2,29.29,33.89,O-30,T2,33.89,36.81,O-25,T2,36.81,39.57,O-43,T2,39.57,49.93,O-50,T2,49.93,53.22,O-33,T2,53.22,55.46,O-31,T2,55.46,58.88,O-64,T2,58.88,63.22,O-26,T2,63.22,67.59,O-29,T2,67.59,72.96,O-40,T2,72.96,78.77,O-36,T2,78.77,81.51,O-57,T2,81.51,88.8,O-65,T2,88.8,91.07,O-68,T2,91.07,93.78,O-70,T2,93.78,,,,,,,,,,,,,,,,,,,,,,,,,,,,,,,,,,,,,,,,,,,,,,,,,,,,,,87.31,12.69,87.31
Simulation7,EDD + FCFS,C-1,O-1,T3,0.68,2.13,O-3,T3,8.59,12.46,O-6,T3,12.46,15.22,O-9,T3,15.22,16.88,O-18,T3,16.88,18.11,O-12,T3,19.24,23.34,O-13,T3,27.67,33.56,O-28,T3,33.56,36.58,O-27,T3,36.58,38.65,O-33,T3,38.65,44.22,O-31,T3,44.22,45.55,O-29,T3,45.55,50.32,O-56,T3,50.32,52.91,O-40,T3,52.91,55.51,O-36,T3,55.51,56.97,O-59,T3,56.97,62.5,O-47,T3,62.5,65.71,O-57,T3,65.71,67.86,O-70,T3,67.86,69.79,O-48,T3,71.52,75.11,O-52,T3,75.11,79.34,,,,,,,,,,,,,,,,,,,,,,,,,,,,,,,,,,,,,,,,,,,,,,,,,,,,,65.01,34.99,65.01
Simulation7,EDD + FCFS,C-2,O-5,T3,8.09,9.86,O-8,T3,9.86,14.49,O-2,T3,14.49,17.44,O-20,T3,22.38,24.21,O-15,T3,27.33,31.26,O-30,T3,31.26,33.27,O-22,T3,33.27,38.2,O-43,T3,38.2,39.44,O-25,T3,39.44,44.61,O-39,T3,44.61,48.31,O-50,T3,48.31,51.6,O-26,T3,51.6,53.68,O-58,T3,53.68,57.34,O-46,T3,57.34,59.11,O-64,T3,59.11,60.72,O-65,T3,60.72,62.88,O-68,T3,62.88,64.78,O-41,T3,64.89,66.65,O-53,T3,66.65,73.35,O-45,T3,73.35,75.82,O-55,T3,75.89,78.61,O-62,T3,78.61,79.73,,,,,,,,,,,,,,,,,,,,,,,,,,,,,,,,,,,,,,,,,,,,,,,,,63.4,36.6,63.4
Simulation7,EDD + FCFS,D-1,O-2,T4,2.05,6.32,O-1,T4,6.32,10.35,O-12,T4,10.35,14.2,O-15,T4,14.2,17.26,O-17,T4,17.26,20.38,O-21,T4,20.38,24.73,O-24,T4,24.73,29.95,O-34,T4,29.95,34.14,O-44,T4,36.58,40.44,O-50,T4,40.44,45.34,O-49,T4,45.34,49.15,O-61,T4,49.15,53.0,O-70,T4,53.33,57.58,O-56,T4,59.59,63.34,O-64,T4,63.34,66.75,O-58,T4,66.75,70.9,O-26,T4,70.9,74.45,O-36,T4,81.51,85.76,O-48,T4,92.15,96.13,,,,,,,,,,,,,,,,,,,,,,,,,,,,,,,,,,,,,,,,,,,,,,,,,,,,,,,,,,,,,75.85,24.15,75.85
Simulation7,EDD + FCFS,D-2,O-3,T4,2.17,5.46,O-7,T4,6.42,10.97,O-5,T4,10.97,14.28,O-14,T4,14.28,18.53,O-16,T4,18.53,23.17,O-27,T4,23.17,26.42,O-31,T4,26.42,31.0,O-39,T4,31.81,36.42,O-47,T4,38.79,42.93,O-54,T4,42.93,46.31,O-59,T4,46.31,50.03,O-68,T4,52.32,57.76,,,,,,,,,,,,,,,,,,,,,,,,,,,,,,,,,,,,,,,,,,,,,,,,,,,,,,,,,,,,,,,,,,,,,,,,,,,,,,,,,,,,,,,,,49.16,50.84,49.16
Simulation7,EDD + FCFS,D-3,O-4,T4,2.94,7.16,O-9,T4,8.0,12.57,O-11,T4,12.57,16.89,O-8,T4,16.89,21.01,O-13,T4,21.01,24.75,O-23,T4,24.75,28.2,O-33,T4,29.12,33.4,O-42,T4,33.4,37.15,O-28,T4,37.15,41.29,O-30,T4,41.29,44.92,O-57,T4,44.92,49.26,O-65,T4,49.94,54.54,O-29,T4,72.96,78.94,O-41,T4,80.52,84.31,O-53,T4,87.74,91.69,O-45,T4,91.69,95.01,,,,,,,,,,,,,,,,,,,,,,,,,,,,,,,,,,,,,,,,,,,,,,,,,,,,,,,,,,,,,,,,,,,,,,,,,66.2,33.8,66.2
Simulation7,EDD + FCFS,E-1,O-1,T5,10.35,12.46,O-2,T5,15.82,20.34,O-8,T5,21.01,28.03,O-28,T5,41.29,43.95,O-30,T5,44.92,48.43,O-50,T5,53.22,57.42,O-33,T5,57.42,59.77,O-31,T5,59.77,64.26,O-59,T5,67.17,71.97,O-26,T5,74.45,79.27,O-36,T5,85.76,90.75,O-53,T5,91.69,95.58,O-45,T5,95.58,99.3,,,,,,,,,,,,,,,,,,,,,,,,,,,,,,,,,,,,,,,,,,,,,,,,,,,,,,,,,,,,,,,,,,,,,,,,,,,,,,,,,,,,,53.08,46.92,53.08
Simulation8,EDD + SPT,A-1,O-1,T1,0.0,0.68,O-5,T1,5.63,8.09,O-4,T1,8.09,9.12,O-6,T1,9.12,11.92,O-2,T1,11.92,12.73,O-18,T1,14.08,16.75,O-12,T1,16.75,19.24,O-14,T1,19.24,20.46,O-15,T1,20.46,28.55,O-28,T1,28.55,29.29,O-30,T1,29.29,30.52,O-25,T1,30.52,34.05,O-33,T1,34.05,34.58,O-31,T1,34.58,36.62,O-39,T1,36.62,39.63,O-29,T1,39.63,39.84,O-46,T1,39.84,41.82,O-35,T1,41.82,42.63,O-36,T1,42.63,48.22,O-50,T1,48.22,49.43,O-64,T1,49.43,54.3,O-40,T1,54.3,57.49,O-65,T1,57.49,58.99,O-41,T1,58.99,61.99,O-45,T1,61.99,67.07,O-48,T1,67.07,71.25,O-52,T1,71.25,74.32,O-55,T1,74.32,75.71,O-60,T1,75.71,80.39,,,,,,,,,,,,,,,,,,,,,74.09,25.91,74.09
Simulation8,EDD + SPT,A-2,O-3,T1,5.46,8.59,O-8,T1,8.59,9.82,O-10,T1,9.82,13.85,O-9,T1,13.85,14.8,O-7,T1,14.8,19.37,O-20,T1,19.37,22.38,O-19,T1,22.38,24.45,O-22,T1,24.45,27.42,O-13,T1,27.42,27.67,O-27,T1,27.67,33.21,O-26,T1,33.21,34.89,O-32,T1,34.89,36.89,O-43,T1,36.89,37.81,O-37,T1,37.81,38.39,O-38,T1,38.39,43.45,O-47,T1,43.45,46.76,O-56,T1,46.76,48.02,O-58,T1,48.02,52.15,O-59,T1,52.15,56.22,O-57,T1,56.22,59.22,O-68,T1,59.22,60.75,O-70,T1,60.75,65.16,O-53,T1,65.16,66.68,O-51,T1,66.68,69.57,O-63,T1,69.57,71.7,O-67,T1,71.7,75.25,O-62,T1,75.25,77.16,O-69,T1,77.16,80.21,O-66,T1,80.21,88.7,,,,,,,,,,,,,,,,,,,,,83.24,16.76,83.24
Simulation8,EDD + SPT,B-1,O-1,T2,0.68,2.37,O-5,T2,8.09,9.95,O-6,T2,11.92,15.06,O-9,T2,15.06,17.48,O-12,T2,19.24,21.09,O-22,T2,27.42,29.69,O-13,T2,29.69,32.47,O-15,T2,32.47,36.48,O-26,T2,36.48,40.85,O-43,T2,40.85,51.21,O-56,T2,51.21,55.83,O-50,T2,55.83,59.12,O-59,T2,59.12,62.6,O-68,T2,62.6,65.31,O-36,T2,65.31,68.05,O-29,T2,68.05,73.42,O-40,T2,73.42,79.23,O-55,T2,79.23,82.46,O-53,T2,82.46,89.68,O-57,T2,89.68,96.97,O-62,T2,96.97,,,,,,,,,,,,,,,,,,,,,,,,,,,,,,,,,,,,,,,,,,,,,,,,,,,,,,83.54,16.46,83.54
Simulation8,EDD + SPT,B-2,O-3,T2,8.59,9.74,O-8,T2,9.82,12.97,O-2,T2,12.97,15.82,O-18,T2,16.75,24.44,O-20,T2,24.44,26.2,O-28,T2,29.29,33.89,O-30,T2,33.89,36.81,O-33,T2,36.81,39.05,O-25,T2,39.05,41.81,O-39,T2,41.81,51.34,O-31,T2,51.34,54.76,O-58,T2,54.76,58.86,O-64,T2,58.86,63.2,O-65,T2,63.2,65.47,O-41,T2,65.47,69.4,O-45,T2,69.4,71.31,O-48,T2,71.31,73.81,O-46,T2,73.81,78.27,O-47,T2,78.27,83.23,O-70,T2,83.23,90.15,O-52,T2,90.15,97.65,,,,,,,,,,,,,,,,,,,,,,,,,,,,,,,,,,,,,,,,,,,,,,,,,,,,,84.96,15.04,84.96
Simulation8,EDD + SPT,C-1,O-1,T3,0.68,2.13,O-3,T3,8.59,12.46,O-6,T3,12.46,15.22,O-9,T3,15.22,16.88,O-18,T3,16.88,18.11,O-12,T3,19.24,23.34,O-13,T3,27.67,33.56,O-28,T3,33.56,36.58,O-27,T3,36.58,38.65,O-43,T3,38.65,39.89,O-31,T3,39.89,41.22,O-29,T3,41.22,45.99,O-33,T3,45.99,51.56,O-56,T3,51.56,54.15,O-36,T3,54.15,55.61,O-64,T3,55.61,57.22,O-59,T3,57.22,62.75,O-68,T3,62.75,64.65,O-70,T3,65.16,67.09,O-48,T3,71.25,74.84,O-62,T3,77.16,78.28,,,,,,,,,,,,,,,,,,,,,,,,,,,,,,,,,,,,,,,,,,,,,,,,,,,,,58.69,41.31,58.69
Simulation8,EDD + SPT,C-2,O-5,T3,8.09,9.86,O-8,T3,9.86,14.49,O-2,T3,14.49,17.44,O-20,T3,22.38,24.21,O-22,T3,27.42,32.35,O-30,T3,32.35,34.36,O-15,T3,34.36,38.29,O-26,T3,38.29,40.37,O-39,T3,40.37,44.07,O-46,T3,44.07,45.84,O-25,T3,45.84,51.01,O-50,T3,51.01,54.3,O-58,T3,54.3,57.96,O-40,T3,57.96,60.56,O-57,T3,60.56,62.71,O-41,T3,62.71,64.47,O-65,T3,64.47,66.63,O-47,T3,66.63,69.84,O-45,T3,69.84,72.31,O-53,T3,72.31,79.01,O-55,T3,79.01,81.73,O-52,T3,81.73,85.96,,,,,,,,,,,,,,,,,,,,,,,,,,,,,,,,,,,,,,,,,,,,,,,,,69.72,30.28,69.72
Simulation8,EDD + SPT,D-1,O-2,T4,2.05,6.32,O-1,T4,6.32,10.35,O-12,T4,10.35,14.2,O-15,T4,14.2,17.26,O-17,T4,17.26,20.38,O-21,T4,20.38,24.73,O-24,T4,24.73,29.95,O-34,T4,29.95,34.14,O-44,T4,36.58,40.44,O-50,T4,40.44,45.34,O-26,T4,45.34,48.89,O-49,T4,48.89,52.7,O-68,T4,52.7,58.14,O-58,T4,58.86,63.01,O-55,T4,82.46,86.33,,,,,,,,,,,,,,,,,,,,,,,,,,,,,,,,,,,,,,,,,,,,,,,,,,,,,,,,,,,,,,,,,,,,,,,,,,,,,61.67,38.33,61.67
Simulation8,EDD + SPT,D-2,O-3,T4,2.17,5.46,O-7,T4,6.42,10.97,O-5,T4,10.97,14.28,O-14,T4,14.28,18.53,O-16,T4,18.53,23.17,O-27,T4,23.17,26.42,O-31,T4,26.42,31.0,O-39,T4,31.81,36.42,O-47,T4,38.79,42.93,O-54,T4,42.93,46.31,O-59,T4,46.31,50.03,O-65,T4,50.03,54.63,O-64,T4,63.2,66.61,O-41,T4,69.4,73.19,O-48,T4,73.81,77.79,,,,,,,,,,,,,,,,,,,,,,,,,,,,,,,,,,,,,,,,,,,,,,,,,,,,,,,,,,,,,,,,,,,,,,,,,,,,,59.5,40.5,59.5
Simulation8,EDD + SPT,D-3,O-4,T4,2.94,7.16,O-9,T4,8.0,12.57,O-11,T4,12.57,16.89,O-8,T4,16.89,21.01,O-13,T4,21.01,24.75,O-23,T4,24.75,28.2,O-33,T4,29.12,33.4,O-42,T4,33.4,37.15,O-30,T4,37.15,40.78,O-28,T4,40.78,44.92,O-57,T4,44.92,49.26,O-61,T4,49.26,53.11,O-70,T4,53.33,57.58,O-56,T4,57.58,61.33,O-36,T4,68.05,72.3,O-45,T4,72.3,75.62,O-29,T4,75.62,81.6,O-53,T4,89.68,93.63,,,,,,,,,,,,,,,,,,,,,,,,,,,,,,,,,,,,,,,,,,,,,,,,,,,,,,,,,,,,,,,,,73.91,26.09,73.91
Simulation8,EDD + SPT,E-1,O-1,T5,10.35,12.46,O-2,T5,15.82,20.34,O-8,T5,21.01,28.03,O-33,T5,39.05,41.4,O-30,T5,41.4,44.91,O-28,T5,44.92,47.58,O-26,T5,48.89,53.71,O-31,T5,54.76,59.25,O-50,T5,59.25,63.45,O-59,T5,63.45,68.25,O-36,T5,72.3,77.29,O-45,T5,77.29,81.01,O-55,T5,86.33,90.41,O-70,T5,90.41,93.12,O-53,T5,93.63,97.52,,,,,,,,,,,,,,,,,,,,,,,,,,,,,,,,,,,,,,,,,,,,,,,,,,,,,,,,,,,,,,,,,,,,,,,,,,,,,59.87,40.13,59.87
Simulation9,EDD + PST,A-1,O-1,T1,0.0,0.68,O-5,T1,5.63,8.09,O-6,T1,8.09,10.89,O-4,T1,10.89,11.92,O-2,T1,11.92,12.73,O-18,T1,14.08,16.75,O-12,T1,16.75,19.24,O-15,T1,19.24,27.33,O-14,T1,27.33,28.55,O-28,T1,28.55,29.29,O-30,T1,29.29,30.52,O-25,T1,30.52,34.05,O-33,T1,34.05,34.58,O-26,T1,34.58,36.26,O-43,T1,36.26,37.18,O-39,T1,37.18,40.19,O-29,T1,40.19,40.4,O-46,T1,40.4,42.38,O-35,T1,42.38,43.19,O-40,T1,43.19,46.38,O-50,T1,46.38,47.59,O-56,T1,47.59,48.85,O-58,T1,48.85,52.98,O-64,T1,52.98,57.85,O-70,T1,57.85,62.26,O-45,T1,62.26,67.34,O-48,T1,67.34,71.52,O-67,T1,71.52,75.07,O-62,T1,75.07,76.98,O-69,T1,76.98,80.03,O-66,T1,80.03,88.52,,,,,,,,,,,,,82.22,17.78,82.22
Simulation9,EDD + PST,A-2,O-3,T1,5.46,8.59,O-8,T1,8.59,9.82,O-10,T1,9.82,13.85,O-9,T1,13.85,14.8,O-7,T1,14.8,19.37,O-20,T1,19.37,22.38,O-19,T1,22.38,24.45,O-22,T1,24.45,27.42,O-27,T1,27.42,32.96,O-13,T1,32.96,33.21,O-31,T1,33.21,35.25,O-32,T1,35.25,37.25,O-37,T1,37.25,37.83,O-38,T1,37.83,42.89,O-36,T1,42.89,48.48,O-47,T1,48.48,51.79,O-59,T1,51.79,55.86,O-57,T1,55.86,58.86,O-65,T1,58.86,60.36,O-68,T1,60.36,61.89,O-41,T1,61.89,64.89,O-53,T1,64.89,66.41,O-51,T1,66.41,69.3,O-63,T1,69.3,71.43,O-52,T1,71.43,74.5,O-55,T1,74.5,75.89,O-60,T1,75.89,80.57,,,,,,,,,,,,,,,,,,,,,,,,,,,,,75.11,24.89,75.11
Simulation9,EDD + PST,B-1,O-1,T2,0.68,2.37,O-5,T2,8.09,9.95,O-6,T2,10.89,14.03,O-9,T2,14.8,17.22,O-12,T2,19.24,21.09,O-15,T2,27.33,31.34,O-22,T2,31.34,33.61,O-27,T2,33.61,42.66,O-39,T2,42.66,52.19,O-56,T2,52.19,56.81,O-58,T2,56.81,60.91,O-59,T2,60.91,64.39,O-13,T2,64.39,67.17,O-36,T2,67.17,69.91,O-53,T2,69.91,77.13,O-45,T2,77.13,79.04,O-46,T2,79.04,83.5,O-41,T2,83.5,87.43,O-48,T2,87.43,89.93,O-47,T2,89.93,94.89,O-52,T2,94.89,,,,,,,,,,,,,,,,,,,,,,,,,,,,,,,,,,,,,,,,,,,,,,,,,,,,,,83.63,16.37,83.63
Simulation9,EDD + PST,B-2,O-3,T2,8.59,9.74,O-8,T2,9.82,12.97,O-2,T2,12.97,15.82,O-18,T2,16.75,24.44,O-20,T2,24.44,26.2,O-28,T2,29.29,33.89,O-30,T2,33.89,36.81,O-26,T2,36.81,41.18,O-43,T2,41.18,51.54,O-50,T2,51.54,54.83,O-25,T2,54.83,57.59,O-31,T2,57.59,61.01,O-64,T2,61.01,65.35,O-29,T2,65.35,70.72,O-33,T2,70.72,72.96,O-40,T2,72.96,78.77,O-57,T2,78.77,86.06,O-62,T2,86.06,95.09,O-55,T2,95.09,98.32,O-70,T2,98.32,,,,,,,,,,,,,,,,,,,,,,,,,,,,,,,,,,,,,,,,,,,,,,,,,,,,,,,,,,87.31,12.69,87.31
Simulation9,EDD + PST,C-1,O-1,T3,0.68,2.13,O-3,T3,8.59,12.46,O-6,T3,12.46,15.22,O-9,T3,15.22,16.88,O-18,T3,16.88,18.11,O-12,T3,19.24,23.34,O-28,T3,29.29,32.31,O-30,T3,32.31,34.32,O-13,T3,34.32,40.21,O-27,T3,40.21,42.28,O-31,T3,42.28,43.61,O-33,T3,43.61,49.18,O-50,T3,49.18,52.47,O-46,T3,52.47,54.24,O-40,T3,54.24,56.84,O-64,T3,57.85,59.46,O-57,T3,59.46,61.61,O-65,T3,61.61,63.77,O-70,T3,63.77,65.7,O-41,T3,65.7,67.46,O-53,T3,67.46,74.16,O-45,T3,74.16,76.63,O-55,T3,76.63,79.35,O-62,T3,79.35,80.47,O-68,T3,80.47,82.37,,,,,,,,,,,,,,,,,,,,,,,,,,,,,,,,,,,,,67.14,32.86,67.14
Simulation9,EDD + PST,C-2,O-5,T3,8.09,9.86,O-8,T3,9.86,14.49,O-2,T3,14.49,17.44,O-20,T3,22.38,24.21,O-15,T3,27.33,31.26,O-22,T3,31.26,36.19,O-25,T3,36.19,41.36,O-43,T3,41.36,42.6,O-39,T3,42.6,46.3,O-26,T3,46.3,48.38,O-29,T3,48.38,53.15,O-56,T3,53.15,55.74,O-58,T3,55.74,59.4,O-59,T3,59.4,64.93,O-36,T3,64.93,66.39,O-47,T3,66.39,69.6,O-48,T3,71.52,75.11,O-52,T3,75.11,79.34,,,,,,,,,,,,,,,,,,,,,,,,,,,,,,,,,,,,,,,,,,,,,,,,,,,,,,,,,,,,,,,,,61.27,38.73,61.27
Simulation9,EDD + PST,D-1,O-2,T4,2.05,6.32,O-1,T4,6.32,10.35,O-12,T4,10.35,14.2,O-15,T4,14.2,17.26,O-17,T4,17.26,20.38,O-21,T4,20.38,24.73,O-24,T4,24.73,29.95,O-34,T4,29.95,34.14,O-44,T4,36.58,40.44,O-50,T4,40.44,45.34,O-26,T4,45.34,48.89,O-49,T4,48.89,52.7,O-68,T4,52.7,58.14,O-56,T4,58.14,61.89,O-58,T4,61.89,66.04,O-48,T4,89.93,93.91,O-62,T4,95.09,99.11,O-55,T4,99.11,,,,,,,,,,,,,,,,,,,,,,,,,,,,,,,,,,,,,,,,,,,,,,,,,,,,,,,,,,,,,,,,,,70.44,29.56,70.44
Simulation9,EDD + PST,D-2,O-3,T4,2.17,5.46,O-7,T4,6.42,10.97,O-5,T4,10.97,14.28,O-14,T4,14.28,18.53,O-16,T4,18.53,23.17,O-27,T4,23.17,26.42,O-31,T4,26.42,31.0,O-39,T4,31.81,36.42,O-47,T4,38.79,42.93,O-54,T4,42.93,46.31,O-59,T4,46.31,50.03,O-65,T4,50.03,54.63,O-53,T4,77.13,81.08,O-45,T4,81.08,84.4,O-41,T4,87.43,91.22,,,,,,,,,,,,,,,,,,,,,,,,,,,,,,,,,,,,,,,,,,,,,,,,,,,,,,,,,,,,,,,,,,,,,,,,,,,,,59.38,40.62,59.38
Simulation9,EDD + PST,D-3,O-4,T4,2.94,7.16,O-9,T4,8.0,12.57,O-11,T4,12.57,16.89,O-8,T4,16.89,21.01,O-13,T4,21.01,24.75,O-23,T4,24.75,28.2,O-33,T4,29.12,33.4,O-42,T4,33.4,37.15,O-28,T4,37.15,41.29,O-30,T4,41.29,44.92,O-57,T4,44.92,49.26,O-61,T4,49.26,53.11,O-70,T4,53.33,57.58,O-64,T4,65.35,68.76,O-36,T4,69.91,74.16,O-29,T4,74.16,80.14,,,,,,,,,,,,,,,,,,,,,,,,,,,,,,,,,,,,,,,,,,,,,,,,,,,,,,,,,,,,,,,,,,,,,,,,,66.3,33.7,66.3
Simulation9,EDD + PST,E-1,O-1,T5,10.35,12.46,O-2,T5,15.82,20.34,O-8,T5,21.01,28.03,O-28,T5,41.29,43.95,O-30,T5,44.92,48.43,O-26,T5,48.89,53.71,O-50,T5,54.83,59.03,O-31,T5,61.01,65.5,O-59,T5,65.5,70.3,O-33,T5,72.96,75.31,O-36,T5,75.31,80.3,O-53,T5,81.08,84.97,O-45,T5,84.97,88.69,,,,,,,,,,,,,,,,,,,,,,,,,,,,,,,,,,,,,,,,,,,,,,,,,,,,,,,,,,,,,,,,,,,,,,,,,,,,,,,,,,,,,53.08,46.92,53.08
