Simulation ID,Rules,Order ID,Priority,Plan Name,Depth,Arrival Time,Due Date,Finish Time,Throughput Time,Total Process Time
Simulation1,FCFS + FCFS,O-1,2,SampleProcessPlan1,4,0.0,41.05,12.46,12.46,9.96
Simulation1,FCFS + FCFS,O-2,2,SampleProcessPlan2,4,2.05,50.86,20.34,18.29,15.4
Simulation1,FCFS + FCFS,O-3,2,SampleProcessPlan2,3,2.17,44.2,12.46,10.29,11.44
Simulation1,FCFS + FCFS,O-4,0,SampleProcessPlan2,2,2.94,51.76,9.12,6.18,5.25
Simulation1,FCFS + FCFS,O-5,1,SampleProcessPlan1,3,5.63,54.61,14.28,8.65,9.4
Simulation1,FCFS + FCFS,O-6,0,SampleProcessPlan1,2,5.84,54.86,15.22,9.38,8.7
Simulation1,FCFS + FCFS,O-7,2,SampleProcessPlan2,2,6.42,52.75,19.37,12.95,9.12
Simulation1,FCFS + FCFS,O-8,1,SampleProcessPlan1,4,7.73,49.56,27.36,19.63,20.15
Simulation1,FCFS + FCFS,O-9,0,SampleProcessPlan2,3,8.0,49.82,17.48,9.48,9.6
Simulation1,FCFS + FCFS,O-10,0,SampleProcessPlan1,1,8.73,57.31,13.85,5.11,4.03
Simulation1,FCFS + FCFS,O-11,2,SampleProcessPlan2,1,9.1,57.52,14.67,5.57,4.32
Simulation1,FCFS + FCFS,O-12,2,SampleProcessPlan2,3,9.18,52.7,34.88,25.7,12.29
Simulation1,FCFS + FCFS,O-13,2,SampleProcessPlan2,3,10.02,58.8,35.32,25.3,12.66
Simulation1,FCFS + FCFS,O-14,2,SampleProcessPlan2,2,11.03,54.15,25.67,14.64,5.47
Simulation1,FCFS + FCFS,O-15,2,SampleProcessPlan2,3,11.12,56.64,28.85,17.73,19.09
Simulation1,FCFS + FCFS,O-16,2,SampleProcessPlan2,1,13.75,53.81,24.39,10.64,4.64
Simulation1,FCFS + FCFS,O-17,0,SampleProcessPlan2,1,13.93,54.22,21.25,7.32,3.12
Simulation1,FCFS + FCFS,O-18,0,SampleProcessPlan1,2,14.08,63.78,24.44,10.36,11.59
Simulation1,FCFS + FCFS,O-19,1,SampleProcessPlan1,1,14.52,57.33,24.45,9.93,2.07
Simulation1,FCFS + FCFS,O-20,0,SampleProcessPlan1,2,15.14,61.9,24.21,9.07,6.6
Simulation1,FCFS + FCFS,O-21,2,SampleProcessPlan2,1,16.5,58.31,25.6,9.1,4.35
Simulation1,FCFS + FCFS,O-22,2,SampleProcessPlan1,2,18.25,63.8,39.81,21.56,10.17
Simulation1,FCFS + FCFS,O-23,2,SampleProcessPlan2,1,21.06,68.26,26.11,5.05,3.45
Simulation1,FCFS + FCFS,O-24,2,SampleProcessPlan2,1,21.45,65.67,29.61,8.17,5.22
Simulation1,FCFS + FCFS,O-25,2,SampleProcessPlan1,2,21.55,63.19,40.49,18.94,11.46
Simulation1,FCFS + FCFS,O-26,2,SampleProcessPlan1,4,21.65,68.3,53.13,31.48,16.5
Simulation1,FCFS + FCFS,O-27,2,SampleProcessPlan2,3,22.89,64.43,74.25,51.37,19.91
Simulation1,FCFS + FCFS,O-28,1,SampleProcessPlan1,4,24.03,66.86,48.31,24.28,15.16
Simulation1,FCFS + FCFS,O-29,2,SampleProcessPlan1,3,25.41,75.13,69.26,43.85,16.33
Simulation1,FCFS + FCFS,O-30,1,SampleProcessPlan1,4,25.98,75.9,41.16,15.18,13.3
Simulation1,FCFS + FCFS,O-31,2,SampleProcessPlan2,4,26.22,70.4,45.65,19.43,15.86
Simulation1,FCFS + FCFS,O-32,2,SampleProcessPlan1,1,26.93,70.59,37.01,10.08,2.0
Simulation1,FCFS + FCFS,O-33,2,SampleProcessPlan2,4,29.12,77.11,62.22,33.1,14.97
Simulation1,FCFS + FCFS,O-34,2,SampleProcessPlan2,1,29.83,78.55,34.02,4.19,4.19
Simulation1,FCFS + FCFS,O-35,2,SampleProcessPlan1,1,30.73,77.85,38.44,7.71,0.81
Simulation1,FCFS + FCFS,O-36,2,SampleProcessPlan1,4,30.88,80.58,78.5,47.62,19.03
Simulation1,FCFS + FCFS,O-37,2,SampleProcessPlan1,1,31.33,71.37,40.6,9.27,0.58
Simulation1,FCFS + FCFS,O-38,2,SampleProcessPlan1,1,31.42,74.65,45.66,14.25,5.06
Simulation1,FCFS + FCFS,O-39,1,SampleProcessPlan2,3,31.81,79.0,52.38,20.57,20.85
Simulation1,FCFS + FCFS,O-40,2,SampleProcessPlan1,2,32.39,80.6,76.79,44.4,11.6
Simulation1,FCFS + FCFS,O-41,2,SampleProcessPlan1,3,32.43,81.68,91.8,59.37,12.48
Simulation1,FCFS + FCFS,O-42,2,SampleProcessPlan2,1,32.87,78.51,37.15,4.28,3.75
Simulation1,FCFS + FCFS,O-43,0,SampleProcessPlan1,2,35.33,82.84,48.66,13.34,12.52
Simulation1,FCFS + FCFS,O-44,2,SampleProcessPlan2,1,36.58,81.06,40.44,3.86,3.86
Simulation1,FCFS + FCFS,O-45,2,SampleProcessPlan1,4,37.61,82.62,96.96,59.36,16.5
Simulation1,FCFS + FCFS,O-46,2,SampleProcessPlan1,2,37.66,77.78,94.38,56.72,8.21
Simulation1,FCFS + FCFS,O-47,2,SampleProcessPlan2,3,38.79,86.15,70.98,32.19,15.62
Simulation1,FCFS + FCFS,O-48,2,SampleProcessPlan1,3,39.27,87.71,Not Finished,Not Finished,14.25
Simulation1,FCFS + FCFS,O-49,2,SampleProcessPlan2,1,39.67,89.16,45.1,5.43,3.81
Simulation1,FCFS + FCFS,O-50,1,SampleProcessPlan2,4,39.88,84.47,59.87,20.0,16.89
Simulation1,FCFS + FCFS,O-51,2,SampleProcessPlan1,1,39.91,85.83,69.17,29.26,2.89
Simulation1,FCFS + FCFS,O-52,2,SampleProcessPlan1,2,40.68,89.73,Not Finished,Not Finished,14.8
Simulation1,FCFS + FCFS,O-53,2,SampleProcessPlan1,4,40.83,83.93,Not Finished,Not Finished,23.28
Simulation1,FCFS + FCFS,O-54,2,SampleProcessPlan2,1,40.84,81.74,48.48,7.65,3.38
Simulation1,FCFS + FCFS,O-55,2,SampleProcessPlan1,4,42.46,91.06,Not Finished,Not Finished,15.29
Simulation1,FCFS + FCFS,O-56,0,SampleProcessPlan1,3,43.72,88.54,58.29,14.58,12.22
Simulation1,FCFS + FCFS,O-57,2,SampleProcessPlan2,3,44.6,86.46,84.08,39.48,16.78
Simulation1,FCFS + FCFS,O-58,0,SampleProcessPlan1,3,45.49,92.01,62.44,16.95,16.04
Simulation1,FCFS + FCFS,O-59,1,SampleProcessPlan2,4,45.89,89.29,67.02,21.13,21.6
Simulation1,FCFS + FCFS,O-60,2,SampleProcessPlan1,1,46.0,93.59,76.92,30.92,4.68
Simulation1,FCFS + FCFS,O-61,2,SampleProcessPlan2,1,46.05,90.7,52.33,6.28,3.85
Simulation1,FCFS + FCFS,O-62,2,SampleProcessPlan1,3,47.53,92.73,99.2,51.68,16.08
Simulation1,FCFS + FCFS,O-63,2,SampleProcessPlan1,1,47.56,89.01,77.08,29.52,2.13
Simulation1,FCFS + FCFS,O-64,1,SampleProcessPlan1,3,49.06,95.35,68.61,19.56,14.23
Simulation1,FCFS + FCFS,O-65,2,SampleProcessPlan2,3,49.94,97.85,76.52,26.58,10.53
Simulation1,FCFS + FCFS,O-66,2,SampleProcessPlan1,1,50.63,99.78,85.41,34.79,8.49
Simulation1,FCFS + FCFS,O-67,2,SampleProcessPlan1,1,50.66,90.85,80.63,29.97,3.55
Simulation1,FCFS + FCFS,O-68,2,SampleProcessPlan2,3,52.32,99.57,79.23,26.92,11.58
Simulation1,FCFS + FCFS,O-69,2,SampleProcessPlan1,1,52.53,98.67,83.68,31.15,3.05
Simulation1,FCFS + FCFS,O-70,2,SampleProcessPlan2,4,53.33,95.45,88.86,35.54,20.22
Simulation ID,Rules,Order ID,Priority,Plan Name,Depth,Arrival Time,Due Date,Finish Time,Throughput Time,Total Process Time
Simulation2,FCFS + SPT,O-1,2,SampleProcessPlan1,4,0.0,41.05,12.46,12.46,9.96
Simulation2,FCFS + SPT,O-2,2,SampleProcessPlan2,4,2.05,50.86,20.34,18.29,15.4
Simulation2,FCFS + SPT,O-3,2,SampleProcessPlan2,3,2.17,44.2,12.46,10.29,11.44
Simulation2,FCFS + SPT,O-4,0,SampleProcessPlan2,2,2.94,51.76,9.12,6.18,5.25
Simulation2,FCFS + SPT,O-5,1,SampleProcessPlan1,3,5.63,54.61,14.28,8.65,9.4
Simulation2,FCFS + SPT,O-6,0,SampleProcessPlan1,2,5.84,54.86,15.22,9.38,8.7
Simulation2,FCFS + SPT,O-7,2,SampleProcessPlan2,2,6.42,52.75,19.37,12.95,9.12
Simulation2,FCFS + SPT,O-8,1,SampleProcessPlan1,4,7.73,49.56,27.36,19.63,20.15
Simulation2,FCFS + SPT,O-9,0,SampleProcessPlan2,3,8.0,49.82,17.48,9.48,9.6
Simulation2,FCFS + SPT,O-10,0,SampleProcessPlan1,1,8.73,57.31,13.85,5.11,4.03
Simulation2,FCFS + SPT,O-11,2,SampleProcessPlan2,1,9.1,57.52,14.67,5.57,4.32
Simulation2,FCFS + SPT,O-12,2,SampleProcessPlan2,3,9.18,52.7,34.88,25.7,12.29
Simulation2,FCFS + SPT,O-13,2,SampleProcessPlan2,3,10.02,58.8,30.98,20.96,12.66
Simulation2,FCFS + SPT,O-14,2,SampleProcessPlan2,2,11.03,54.15,25.67,14.64,5.47
Simulation2,FCFS + SPT,O-15,2,SampleProcessPlan2,3,11.12,56.64,28.85,17.73,19.09
Simulation2,FCFS + SPT,O-16,2,SampleProcessPlan2,1,13.75,53.81,24.39,10.64,4.64
Simulation2,FCFS + SPT,O-17,0,SampleProcessPlan2,1,13.93,54.22,21.25,7.32,3.12
Simulation2,FCFS + SPT,O-18,0,SampleProcessPlan1,2,14.08,63.78,24.44,10.36,11.59
Simulation2,FCFS + SPT,O-19,1,SampleProcessPlan1,1,14.52,57.33,24.45,9.93,2.07
Simulation2,FCFS + SPT,O-20,0,SampleProcessPlan1,2,15.14,61.9,24.21,9.07,6.6
Simulation2,FCFS + SPT,O-21,2,SampleProcessPlan2,1,16.5,58.31,25.6,9.1,4.35
Simulation2,FCFS + SPT,O-22,2,SampleProcessPlan1,2,18.25,63.8,38.93,20.68,10.17
Simulation2,FCFS + SPT,O-23,2,SampleProcessPlan2,1,21.06,68.26,26.11,5.05,3.45
Simulation2,FCFS + SPT,O-24,2,SampleProcessPlan2,1,21.45,65.67,29.61,8.17,5.22
Simulation2,FCFS + SPT,O-25,2,SampleProcessPlan1,2,21.55,63.19,50.94,29.39,11.46
Simulation2,FCFS + SPT,O-26,2,SampleProcessPlan1,4,21.65,68.3,98.33,76.68,16.5
Simulation2,FCFS + SPT,O-27,2,SampleProcessPlan2,3,22.89,64.43,49.43,26.55,19.91
Simulation2,FCFS + SPT,O-28,1,SampleProcessPlan1,4,24.03,66.86,46.17,22.14,15.16
Simulation2,FCFS + SPT,O-29,2,SampleProcessPlan1,3,25.41,75.13,48.91,23.5,16.33
Simulation2,FCFS + SPT,O-30,1,SampleProcessPlan1,4,25.98,75.9,41.16,15.18,13.3
Simulation2,FCFS + SPT,O-31,2,SampleProcessPlan2,4,26.22,70.4,74.93,48.71,15.86
Simulation2,FCFS + SPT,O-32,2,SampleProcessPlan1,1,26.93,70.59,37.01,10.08,2.0
Simulation2,FCFS + SPT,O-33,2,SampleProcessPlan2,4,29.12,77.11,45.1,15.98,14.97
Simulation2,FCFS + SPT,O-34,2,SampleProcessPlan2,1,29.83,78.55,34.02,4.19,4.19
Simulation2,FCFS + SPT,O-35,2,SampleProcessPlan1,1,30.73,77.85,38.44,7.71,0.81
Simulation2,FCFS + SPT,O-36,2,SampleProcessPlan1,4,30.88,80.58,85.54,54.66,19.03
Simulation2,FCFS + SPT,O-37,2,SampleProcessPlan1,1,31.33,71.37,40.6,9.27,0.58
Simulation2,FCFS + SPT,O-38,2,SampleProcessPlan1,1,31.42,74.65,45.66,14.25,5.06
Simulation2,FCFS + SPT,O-39,1,SampleProcessPlan2,3,31.81,79.0,58.34,26.53,20.85
Simulation2,FCFS + SPT,O-40,2,SampleProcessPlan1,2,32.39,80.6,94.23,61.84,11.6
Simulation2,FCFS + SPT,O-41,2,SampleProcessPlan1,3,32.43,81.68,76.3,43.87,12.48
Simulation2,FCFS + SPT,O-42,2,SampleProcessPlan2,1,32.87,78.51,37.15,4.28,3.75
Simulation2,FCFS + SPT,O-43,0,SampleProcessPlan1,2,35.33,82.84,48.81,13.49,12.52
Simulation2,FCFS + SPT,O-44,2,SampleProcessPlan2,1,36.58,81.06,40.44,3.86,3.86
Simulation2,FCFS + SPT,O-45,2,SampleProcessPlan1,4,37.61,82.62,78.65,41.05,16.5
Simulation2,FCFS + SPT,O-46,2,SampleProcessPlan1,2,37.66,77.78,83.46,45.8,8.21
Simulation2,FCFS + SPT,O-47,2,SampleProcessPlan2,3,38.79,86.15,88.42,49.63,15.62
Simulation2,FCFS + SPT,O-48,2,SampleProcessPlan1,3,39.27,87.71,75.9,36.63,14.25
Simulation2,FCFS + SPT,O-49,2,SampleProcessPlan2,1,39.67,89.16,45.1,5.43,3.81
Simulation2,FCFS + SPT,O-50,1,SampleProcessPlan2,4,39.88,84.47,65.64,25.77,16.89
Simulation2,FCFS + SPT,O-51,2,SampleProcessPlan1,1,39.91,85.83,70.81,30.9,2.89
Simulation2,FCFS + SPT,O-52,2,SampleProcessPlan1,2,40.68,89.73,97.69,57.01,14.8
Simulation2,FCFS + SPT,O-53,2,SampleProcessPlan1,4,40.83,83.93,89.43,48.6,23.28
Simulation2,FCFS + SPT,O-54,2,SampleProcessPlan2,1,40.84,81.74,48.48,7.65,3.38
Simulation2,FCFS + SPT,O-55,2,SampleProcessPlan1,4,42.46,91.06,93.51,51.05,15.29
Simulation2,FCFS + SPT,O-56,0,SampleProcessPlan1,3,43.72,88.54,58.29,14.58,12.22
Simulation2,FCFS + SPT,O-57,2,SampleProcessPlan2,3,44.6,86.46,90.19,45.59,16.78
Simulation2,FCFS + SPT,O-58,0,SampleProcessPlan1,3,45.49,92.01,62.3,16.81,16.04
Simulation2,FCFS + SPT,O-59,1,SampleProcessPlan2,4,45.89,89.29,70.44,24.55,21.6
Simulation2,FCFS + SPT,O-60,2,SampleProcessPlan1,1,46.0,93.59,77.01,31.01,4.68
Simulation2,FCFS + SPT,O-61,2,SampleProcessPlan2,1,46.05,90.7,52.76,6.71,3.85
Simulation2,FCFS + SPT,O-62,2,SampleProcessPlan1,3,47.53,92.73,Not Finished,Not Finished,16.08
Simulation2,FCFS + SPT,O-63,2,SampleProcessPlan1,1,47.56,89.01,76.99,29.43,2.13
Simulation2,FCFS + SPT,O-64,1,SampleProcessPlan1,3,49.06,95.35,69.19,20.14,14.23
Simulation2,FCFS + SPT,O-65,2,SampleProcessPlan2,3,49.94,97.85,69.85,19.91,10.53
Simulation2,FCFS + SPT,O-66,2,SampleProcessPlan1,1,50.63,99.78,85.48,34.85,8.49
Simulation2,FCFS + SPT,O-67,2,SampleProcessPlan1,1,50.66,90.85,80.56,29.91,3.55
Simulation2,FCFS + SPT,O-68,2,SampleProcessPlan2,3,52.32,99.57,74.63,22.32,11.58
Simulation2,FCFS + SPT,O-69,2,SampleProcessPlan1,1,52.53,98.67,83.61,31.08,3.05
Simulation2,FCFS + SPT,O-70,2,SampleProcessPlan2,4,53.33,95.45,Not Finished,Not Finished,20.22
Simulation ID,Rules,Order ID,Priority,Plan Name,Depth,Arrival Time,Due Date,Finish Time,Throughput Time,Total Process Time
Simulation3,FCFS + PST,O-1,2,SampleProcessPlan1,4,0.0,41.05,12.46,12.46,9.96
Simulation3,FCFS + PST,O-2,2,SampleProcessPlan2,4,2.05,50.86,20.34,18.29,15.4
Simulation3,FCFS + PST,O-3,2,SampleProcessPlan2,3,2.17,44.2,12.46,10.29,11.44
Simulation3,FCFS + PST,O-4,0,SampleProcessPlan2,2,2.94,51.76,11.92,8.98,5.25
Simulation3,FCFS + PST,O-5,1,SampleProcessPlan1,3,5.63,54.61,14.28,8.65,9.4
Simulation3,FCFS + PST,O-6,0,SampleProcessPlan1,2,5.84,54.86,15.22,9.38,8.7
Simulation3,FCFS + PST,O-7,2,SampleProcessPlan2,2,6.42,52.75,19.37,12.95,9.12
Simulation3,FCFS + PST,O-8,1,SampleProcessPlan1,4,7.73,49.56,27.36,19.63,20.15
Simulation3,FCFS + PST,O-9,0,SampleProcessPlan2,3,8.0,49.82,17.22,9.22,9.6
Simulation3,FCFS + PST,O-10,0,SampleProcessPlan1,1,8.73,57.31,13.85,5.11,4.03
Simulation3,FCFS + PST,O-11,2,SampleProcessPlan2,1,9.1,57.52,14.67,5.57,4.32
Simulation3,FCFS + PST,O-12,2,SampleProcessPlan2,3,9.18,52.7,34.88,25.7,12.29
Simulation3,FCFS + PST,O-13,2,SampleProcessPlan2,3,10.02,58.8,35.64,25.62,12.66
Simulation3,FCFS + PST,O-14,2,SampleProcessPlan2,2,11.03,54.15,25.67,14.64,5.47
Simulation3,FCFS + PST,O-15,2,SampleProcessPlan2,3,11.12,56.64,28.85,17.73,19.09
Simulation3,FCFS + PST,O-16,2,SampleProcessPlan2,1,13.75,53.81,24.39,10.64,4.64
Simulation3,FCFS + PST,O-17,0,SampleProcessPlan2,1,13.93,54.22,21.25,7.32,3.12
Simulation3,FCFS + PST,O-18,0,SampleProcessPlan1,2,14.08,63.78,24.91,10.83,11.59
Simulation3,FCFS + PST,O-19,1,SampleProcessPlan1,1,14.52,57.33,24.45,9.93,2.07
Simulation3,FCFS + PST,O-20,0,SampleProcessPlan1,2,15.14,61.9,24.21,9.07,6.6
Simulation3,FCFS + PST,O-21,2,SampleProcessPlan2,1,16.5,58.31,25.6,9.1,4.35
Simulation3,FCFS + PST,O-22,2,SampleProcessPlan1,2,18.25,63.8,63.54,45.29,10.17
Simulation3,FCFS + PST,O-23,2,SampleProcessPlan2,1,21.06,68.26,26.11,5.05,3.45
Simulation3,FCFS + PST,O-24,2,SampleProcessPlan2,1,21.45,65.67,29.61,8.17,5.22
Simulation3,FCFS + PST,O-25,2,SampleProcessPlan1,2,21.55,63.19,40.49,18.94,11.46
Simulation3,FCFS + PST,O-26,2,SampleProcessPlan1,4,21.65,68.3,51.3,29.65,16.5
Simulation3,FCFS + PST,O-27,2,SampleProcessPlan2,3,22.89,64.43,59.59,36.7,19.91
Simulation3,FCFS + PST,O-28,1,SampleProcessPlan1,4,24.03,66.86,40.2,16.17,15.16
Simulation3,FCFS + PST,O-29,2,SampleProcessPlan1,3,25.41,75.13,52.46,27.05,16.33
Simulation3,FCFS + PST,O-30,1,SampleProcessPlan1,4,25.98,75.9,43.71,17.73,13.3
Simulation3,FCFS + PST,O-31,2,SampleProcessPlan2,4,26.22,70.4,71.45,45.23,15.86
Simulation3,FCFS + PST,O-32,2,SampleProcessPlan1,1,26.93,70.59,37.01,10.08,2.0
Simulation3,FCFS + PST,O-33,2,SampleProcessPlan2,4,29.12,77.11,78.6,49.48,14.97
Simulation3,FCFS + PST,O-34,2,SampleProcessPlan2,1,29.83,78.55,34.02,4.19,4.19
Simulation3,FCFS + PST,O-35,2,SampleProcessPlan1,1,30.73,77.85,38.44,7.71,0.81
Simulation3,FCFS + PST,O-36,2,SampleProcessPlan1,4,30.88,80.58,83.59,52.71,19.03
Simulation3,FCFS + PST,O-37,2,SampleProcessPlan1,1,31.33,71.37,40.6,9.27,0.58
Simulation3,FCFS + PST,O-38,2,SampleProcessPlan1,1,31.42,74.65,45.66,14.25,5.06
Simulation3,FCFS + PST,O-39,1,SampleProcessPlan2,3,31.81,79.0,50.54,18.73,20.85
Simulation3,FCFS + PST,O-40,2,SampleProcessPlan1,2,32.39,80.6,77.87,45.48,11.6
Simulation3,FCFS + PST,O-41,2,SampleProcessPlan1,3,32.43,81.68,88.6,56.17,12.48
Simulation3,FCFS + PST,O-42,2,SampleProcessPlan2,1,32.87,78.51,40.17,7.3,3.75
Simulation3,FCFS + PST,O-43,0,SampleProcessPlan1,2,35.33,82.84,49.26,13.94,12.52
Simulation3,FCFS + PST,O-44,2,SampleProcessPlan2,1,36.58,81.06,41.4,4.82,3.86
Simulation3,FCFS + PST,O-45,2,SampleProcessPlan1,4,37.61,82.62,87.31,49.71,16.5
Simulation3,FCFS + PST,O-46,2,SampleProcessPlan1,2,37.66,77.78,73.66,36.0,8.21
Simulation3,FCFS + PST,O-47,2,SampleProcessPlan2,3,38.79,86.15,95.09,56.3,15.62
Simulation3,FCFS + PST,O-48,2,SampleProcessPlan1,3,39.27,87.71,98.58,59.31,14.25
Simulation3,FCFS + PST,O-49,2,SampleProcessPlan2,1,39.67,89.16,45.21,5.54,3.81
Simulation3,FCFS + PST,O-50,1,SampleProcessPlan2,4,39.88,84.47,65.47,25.6,16.89
Simulation3,FCFS + PST,O-51,2,SampleProcessPlan1,1,39.91,85.83,69.78,29.87,2.89
Simulation3,FCFS + PST,O-52,2,SampleProcessPlan1,2,40.68,89.73,Not Finished,Not Finished,14.8
Simulation3,FCFS + PST,O-53,2,SampleProcessPlan1,4,40.83,83.93,91.2,50.37,23.28
Simulation3,FCFS + PST,O-54,2,SampleProcessPlan2,1,40.84,81.74,48.45,7.62,3.38
Simulation3,FCFS + PST,O-55,2,SampleProcessPlan1,4,42.46,91.06,Not Finished,Not Finished,15.29
Simulation3,FCFS + PST,O-56,0,SampleProcessPlan1,3,43.72,88.54,61.65,17.94,12.22
Simulation3,FCFS + PST,O-57,2,SampleProcessPlan2,3,44.6,86.46,92.1,47.5,16.78
Simulation3,FCFS + PST,O-58,0,SampleProcessPlan1,3,45.49,92.01,65.8,20.31,16.04
Simulation3,FCFS + PST,O-59,1,SampleProcessPlan2,4,45.89,89.29,76.25,30.36,21.6
Simulation3,FCFS + PST,O-60,2,SampleProcessPlan1,1,46.0,93.59,77.27,31.27,4.68
Simulation3,FCFS + PST,O-61,2,SampleProcessPlan2,1,46.05,90.7,53.4,7.35,3.85
Simulation3,FCFS + PST,O-62,2,SampleProcessPlan1,3,47.53,92.73,92.62,45.1,16.08
Simulation3,FCFS + PST,O-63,2,SampleProcessPlan1,1,47.56,89.01,76.73,29.17,2.13
Simulation3,FCFS + PST,O-64,1,SampleProcessPlan1,3,49.06,95.35,67.34,18.28,14.23
Simulation3,FCFS + PST,O-65,2,SampleProcessPlan2,3,49.94,97.85,Not Finished,Not Finished,10.53
Simulation3,FCFS + PST,O-66,2,SampleProcessPlan1,1,50.63,99.78,85.22,34.59,8.49
Simulation3,FCFS + PST,O-67,2,SampleProcessPlan1,1,50.66,90.85,80.82,30.17,3.55
Simulation3,FCFS + PST,O-68,2,SampleProcessPlan2,3,52.32,99.57,Not Finished,Not Finished,11.58
Simulation3,FCFS + PST,O-69,2,SampleProcessPlan1,1,52.53,98.67,83.87,31.34,3.05
Simulation3,FCFS + PST,O-70,2,SampleProcessPlan2,4,53.33,95.45,Not Finished,Not Finished,20.22
Simulation ID,Rules,Order ID,Priority,Plan Name,Depth,Arrival Time,Due Date,Finish Time,Throughput Time,Total Process Time
Simulation4,CR + FCFS,O-1,2,SampleProcessPlan1,4,0.0,41.05,12.46,12.46,9.96
Simulation4,CR + FCFS,O-2,2,SampleProcessPlan2,4,2.05,50.86,20.34,18.29,15.4
Simulation4,CR + FCFS,O-3,2,SampleProcessPlan2,3,2.17,44.2,12.46,10.29,11.44
Simulation4,CR + FCFS,O-4,0,SampleProcessPlan2,2,2.94,51.76,9.12,6.18,5.25
Simulation4,CR + FCFS,O-5,1,SampleProcessPlan1,3,5.63,54.61,14.28,8.65,9.4
Simulation4,CR + FCFS,O-6,0,SampleProcessPlan1,2,5.84,54.86,15.22,9.38,8.7
Simulation4,CR + FCFS,O-7,2,SampleProcessPlan2,2,6.42,52.75,19.37,12.95,9.12
Simulation4,CR + FCFS,O-8,1,SampleProcessPlan1,4,7.73,49.56,27.96,20.23,20.15
Simulation4,CR + FCFS,O-9,0,SampleProcessPlan2,3,8.0,49.82,17.48,9.48,9.6
Simulation4,CR + FCFS,O-10,0,SampleProcessPlan1,1,8.73,57.31,13.85,5.11,4.03
Simulation4,CR + FCFS,O-11,2,SampleProcessPlan2,1,9.1,57.52,25.38,16.28,4.32
Simulation4,CR + FCFS,O-12,2,SampleProcessPlan2,3,9.18,52.7,23.34,14.16,12.29
Simulation4,CR + FCFS,O-13,2,SampleProcessPlan2,3,10.02,58.8,42.17,32.15,12.66
Simulation4,CR + FCFS,O-14,2,SampleProcessPlan2,2,11.03,54.15,20.46,9.43,5.47
Simulation4,CR + FCFS,O-15,2,SampleProcessPlan2,3,11.12,56.64,36.62,25.5,19.09
Simulation4,CR + FCFS,O-16,2,SampleProcessPlan2,1,13.75,53.81,21.98,8.23,4.64
Simulation4,CR + FCFS,O-17,0,SampleProcessPlan2,1,13.93,54.22,21.06,7.12,3.12
Simulation4,CR + FCFS,O-18,0,SampleProcessPlan1,2,14.08,63.78,24.44,10.36,11.59
Simulation4,CR + FCFS,O-19,1,SampleProcessPlan1,1,14.52,57.33,24.45,9.93,2.07
Simulation4,CR + FCFS,O-20,0,SampleProcessPlan1,2,15.14,61.9,25.17,10.04,6.6
Simulation4,CR + FCFS,O-21,2,SampleProcessPlan2,1,16.5,58.31,25.29,8.79,4.35
Simulation4,CR + FCFS,O-22,2,SampleProcessPlan1,2,18.25,63.8,32.35,14.1,10.17
Simulation4,CR + FCFS,O-23,2,SampleProcessPlan2,1,21.06,68.26,28.83,7.77,3.45
Simulation4,CR + FCFS,O-24,2,SampleProcessPlan2,1,21.45,65.67,27.2,5.76,5.22
Simulation4,CR + FCFS,O-25,2,SampleProcessPlan1,2,21.55,63.19,61.5,39.95,11.46
Simulation4,CR + FCFS,O-26,2,SampleProcessPlan1,4,21.65,68.3,51.3,29.65,16.5
Simulation4,CR + FCFS,O-27,2,SampleProcessPlan2,3,22.89,64.43,66.45,43.56,19.91
Simulation4,CR + FCFS,O-28,1,SampleProcessPlan1,4,24.03,66.86,43.83,19.8,15.16
Simulation4,CR + FCFS,O-29,2,SampleProcessPlan1,3,25.41,75.13,51.32,25.92,16.33
Simulation4,CR + FCFS,O-30,1,SampleProcessPlan1,4,25.98,75.9,40.54,14.56,13.3
Simulation4,CR + FCFS,O-31,2,SampleProcessPlan2,4,26.22,70.4,81.22,55.0,15.86
Simulation4,CR + FCFS,O-32,2,SampleProcessPlan1,1,26.93,70.59,71.32,44.39,2.0
Simulation4,CR + FCFS,O-33,2,SampleProcessPlan2,4,29.12,77.11,66.09,36.97,14.97
Simulation4,CR + FCFS,O-34,2,SampleProcessPlan2,1,29.83,78.55,34.02,4.19,4.19
Simulation4,CR + FCFS,O-35,2,SampleProcessPlan1,1,30.73,77.85,77.39,46.67,0.81
Simulation4,CR + FCFS,O-36,2,SampleProcessPlan1,4,30.88,80.58,90.1,59.22,19.03
Simulation4,CR + FCFS,O-37,2,SampleProcessPlan1,1,31.33,71.37,71.9,40.57,0.58
Simulation4,CR + FCFS,O-38,2,SampleProcessPlan1,1,31.42,74.65,71.59,40.17,5.06
Simulation4,CR + FCFS,O-39,1,SampleProcessPlan2,3,31.81,79.0,64.11,32.3,20.85
Simulation4,CR + FCFS,O-40,2,SampleProcessPlan1,2,32.39,80.6,90.77,58.38,11.6
Simulation4,CR + FCFS,O-41,2,SampleProcessPlan1,3,32.43,81.68,78.68,46.25,12.48
Simulation4,CR + FCFS,O-42,2,SampleProcessPlan2,1,32.87,78.51,37.77,4.9,3.75
Simulation4,CR + FCFS,O-43,0,SampleProcessPlan1,2,35.33,82.84,51.35,16.02,12.52
Simulation4,CR + FCFS,O-44,2,SampleProcessPlan2,1,36.58,81.06,40.44,3.86,3.86
Simulation4,CR + FCFS,O-45,2,SampleProcessPlan1,4,37.61,82.62,93.82,56.21,16.5
Simulation4,CR + FCFS,O-46,2,SampleProcessPlan1,2,37.66,77.78,96.64,58.98,8.21
Simulation4,CR + FCFS,O-47,2,SampleProcessPlan2,3,38.79,86.15,84.96,46.17,15.62
Simulation4,CR + FCFS,O-48,2,SampleProcessPlan1,3,39.27,87.71,88.66,49.39,14.25
Simulation4,CR + FCFS,O-49,2,SampleProcessPlan2,1,39.67,89.16,48.36,8.69,3.81
Simulation4,CR + FCFS,O-50,1,SampleProcessPlan2,4,39.88,84.47,62.94,23.06,16.89
Simulation4,CR + FCFS,O-51,2,SampleProcessPlan1,1,39.91,85.83,80.28,40.37,2.89
Simulation4,CR + FCFS,O-52,2,SampleProcessPlan1,2,40.68,89.73,92.18,51.5,14.8
Simulation4,CR + FCFS,O-53,2,SampleProcessPlan1,4,40.83,83.93,85.11,44.28,23.28
Simulation4,CR + FCFS,O-54,2,SampleProcessPlan2,1,40.84,81.74,44.55,3.72,3.38
Simulation4,CR + FCFS,O-55,2,SampleProcessPlan1,4,42.46,91.06,Not Finished,Not Finished,15.29
Simulation4,CR + FCFS,O-56,0,SampleProcessPlan1,3,43.72,88.54,61.89,18.18,12.22
Simulation4,CR + FCFS,O-57,2,SampleProcessPlan2,3,44.6,86.46,82.18,37.58,16.78
Simulation4,CR + FCFS,O-58,0,SampleProcessPlan1,3,45.49,92.01,59.6,14.1,16.04
Simulation4,CR + FCFS,O-59,1,SampleProcessPlan2,4,45.89,89.29,76.73,30.84,21.6
Simulation4,CR + FCFS,O-60,2,SampleProcessPlan1,1,46.0,93.59,76.58,30.58,4.68
Simulation4,CR + FCFS,O-61,2,SampleProcessPlan2,1,46.05,90.7,55.17,9.12,3.85
Simulation4,CR + FCFS,O-62,2,SampleProcessPlan1,3,47.53,92.73,Not Finished,Not Finished,16.08
Simulation4,CR + FCFS,O-63,2,SampleProcessPlan1,1,47.56,89.01,82.41,34.85,2.13
Simulation4,CR + FCFS,O-64,1,SampleProcessPlan1,3,49.06,95.35,71.86,22.8,14.23
Simulation4,CR + FCFS,O-65,2,SampleProcessPlan2,3,49.94,97.85,93.04,43.1,10.53
Simulation4,CR + FCFS,O-66,2,SampleProcessPlan1,1,50.63,99.78,80.08,29.45,8.49
Simulation4,CR + FCFS,O-67,2,SampleProcessPlan1,1,50.66,90.85,83.63,32.97,3.55
Simulation4,CR + FCFS,O-68,2,SampleProcessPlan2,3,52.32,99.57,95.75,43.43,11.58
Simulation4,CR + FCFS,O-69,2,SampleProcessPlan1,1,52.53,98.67,85.46,32.93,3.05
Simulation4,CR + FCFS,O-70,2,SampleProcessPlan2,4,53.33,95.45,Not Finished,Not Finished,20.22
Simulation ID,Rules,Order ID,Priority,Plan Name,Depth,Arrival Time,Due Date,Finish Time,Throughput Time,Total Process Time
Simulation5,CR + SPT,O-1,2,SampleProcessPlan1,4,0.0,41.05,12.46,12.46,9.96
Simulation5,CR + SPT,O-2,2,SampleProcessPlan2,4,2.05,50.86,20.34,18.29,15.4
Simulation5,CR + SPT,O-3,2,SampleProcessPlan2,3,2.17,44.2,12.46,10.29,11.44
Simulation5,CR + SPT,O-4,0,SampleProcessPlan2,2,2.94,51.76,9.12,6.18,5.25
Simulation5,CR + SPT,O-5,1,SampleProcessPlan1,3,5.63,54.61,14.28,8.65,9.4
Simulation5,CR + SPT,O-6,0,SampleProcessPlan1,2,5.84,54.86,15.22,9.38,8.7
Simulation5,CR + SPT,O-7,2,SampleProcessPlan2,2,6.42,52.75,19.37,12.95,9.12
Simulation5,CR + SPT,O-8,1,SampleProcessPlan1,4,7.73,49.56,27.96,20.23,20.15
Simulation5,CR + SPT,O-9,0,SampleProcessPlan2,3,8.0,49.82,17.48,9.48,9.6
Simulation5,CR + SPT,O-10,0,SampleProcessPlan1,1,8.73,57.31,13.85,5.11,4.03
Simulation5,CR + SPT,O-11,2,SampleProcessPlan2,1,9.1,57.52,25.26,16.16,4.32
Simulation5,CR + SPT,O-12,2,SampleProcessPlan2,3,9.18,52.7,23.34,14.16,12.29
Simulation5,CR + SPT,O-13,2,SampleProcessPlan2,3,10.02,58.8,27.22,17.2,12.66
Simulation5,CR + SPT,O-14,2,SampleProcessPlan2,2,11.03,54.15,20.71,9.68,5.47
Simulation5,CR + SPT,O-15,2,SampleProcessPlan2,3,11.12,56.64,34.04,22.92,19.09
Simulation5,CR + SPT,O-16,2,SampleProcessPlan2,1,13.75,53.81,21.98,8.23,4.64
Simulation5,CR + SPT,O-17,0,SampleProcessPlan2,1,13.93,54.22,21.06,7.12,3.12
Simulation5,CR + SPT,O-18,0,SampleProcessPlan1,2,14.08,63.78,24.44,10.36,11.59
Simulation5,CR + SPT,O-19,1,SampleProcessPlan1,1,14.52,57.33,24.45,9.93,2.07
Simulation5,CR + SPT,O-20,0,SampleProcessPlan1,2,15.14,61.9,25.17,10.04,6.6
Simulation5,CR + SPT,O-21,2,SampleProcessPlan2,1,16.5,58.31,25.41,8.9,4.35
Simulation5,CR + SPT,O-22,2,SampleProcessPlan1,2,18.25,63.8,36.7,18.45,10.17
Simulation5,CR + SPT,O-23,2,SampleProcessPlan2,1,21.06,68.26,28.86,7.8,3.45
Simulation5,CR + SPT,O-24,2,SampleProcessPlan2,1,21.45,65.67,27.2,5.76,5.22
Simulation5,CR + SPT,O-25,2,SampleProcessPlan1,2,21.55,63.19,41.87,20.32,11.46
Simulation5,CR + SPT,O-26,2,SampleProcessPlan1,4,21.65,68.3,42.3,20.65,16.5
Simulation5,CR + SPT,O-27,2,SampleProcessPlan2,3,22.89,64.43,Not Finished,Not Finished,19.91
Simulation5,CR + SPT,O-28,1,SampleProcessPlan1,4,24.03,66.86,36.59,12.56,15.16
Simulation5,CR + SPT,O-29,2,SampleProcessPlan1,3,25.41,75.13,49.84,24.43,16.33
Simulation5,CR + SPT,O-30,1,SampleProcessPlan1,4,25.98,75.9,45.81,19.83,13.3
Simulation5,CR + SPT,O-31,2,SampleProcessPlan2,4,26.22,70.4,52.65,26.43,15.86
Simulation5,CR + SPT,O-32,2,SampleProcessPlan1,1,26.93,70.59,69.56,42.63,2.0
Simulation5,CR + SPT,O-33,2,SampleProcessPlan2,4,29.12,77.11,50.97,21.85,14.97
Simulation5,CR + SPT,O-34,2,SampleProcessPlan2,1,29.83,78.55,35.97,6.14,4.19
Simulation5,CR + SPT,O-35,2,SampleProcessPlan1,1,30.73,77.85,77.51,46.78,0.81
Simulation5,CR + SPT,O-36,2,SampleProcessPlan1,4,30.88,80.58,57.64,26.76,19.03
Simulation5,CR + SPT,O-37,2,SampleProcessPlan1,1,31.33,71.37,72.02,40.69,0.58
Simulation5,CR + SPT,O-38,2,SampleProcessPlan1,1,31.42,74.65,71.44,40.02,5.06
Simulation5,CR + SPT,O-39,1,SampleProcessPlan2,3,31.81,79.0,53.34,21.53,20.85
Simulation5,CR + SPT,O-40,2,SampleProcessPlan1,2,32.39,80.6,82.31,49.92,11.6
Simulation5,CR + SPT,O-41,2,SampleProcessPlan1,3,32.43,81.68,70.1,37.67,12.48
Simulation5,CR + SPT,O-42,2,SampleProcessPlan2,1,32.87,78.51,39.72,6.85,3.75
Simulation5,CR + SPT,O-43,0,SampleProcessPlan1,2,35.33,82.84,53.66,18.34,12.52
Simulation5,CR + SPT,O-44,2,SampleProcessPlan2,1,36.58,81.06,41.34,4.75,3.86
Simulation5,CR + SPT,O-45,2,SampleProcessPlan1,4,37.61,82.62,73.4,35.79,16.5
Simulation5,CR + SPT,O-46,2,SampleProcessPlan1,2,37.66,77.78,76.5,38.84,8.21
Simulation5,CR + SPT,O-47,2,SampleProcessPlan2,3,38.79,86.15,76.3,37.51,15.62
Simulation5,CR + SPT,O-48,2,SampleProcessPlan1,3,39.27,87.71,74.08,34.81,14.25
Simulation5,CR + SPT,O-49,2,SampleProcessPlan2,1,39.67,89.16,53.65,13.98,3.81
Simulation5,CR + SPT,O-50,1,SampleProcessPlan2,4,39.88,84.47,61.84,21.96,16.89
Simulation5,CR + SPT,O-51,2,SampleProcessPlan1,1,39.91,85.83,80.4,40.49,2.89
Simulation5,CR + SPT,O-52,2,SampleProcessPlan1,2,40.68,89.73,97.1,56.42,14.8
Simulation5,CR + SPT,O-53,2,SampleProcessPlan1,4,40.83,83.93,98.28,57.45,23.28
Simulation5,CR + SPT,O-54,2,SampleProcessPlan2,1,40.84,81.74,45.02,4.19,3.38
Simulation5,CR + SPT,O-55,2,SampleProcessPlan1,4,42.46,91.06,79.99,37.53,15.29
Simulation5,CR + SPT,O-56,0,SampleProcessPlan1,3,43.72,88.54,66.13,22.42,12.22
Simulation5,CR + SPT,O-57,2,SampleProcessPlan2,3,44.6,86.46,89.6,45.0,16.78
Simulation5,CR + SPT,O-58,0,SampleProcessPlan1,3,45.49,92.01,62.01,16.52,16.04
Simulation5,CR + SPT,O-59,1,SampleProcessPlan2,4,45.89,89.29,69.25,23.36,21.6
Simulation5,CR + SPT,O-60,2,SampleProcessPlan1,1,46.0,93.59,76.7,30.69,4.68
Simulation5,CR + SPT,O-61,2,SampleProcessPlan2,1,46.05,90.7,58.41,12.36,3.85
Simulation5,CR + SPT,O-62,2,SampleProcessPlan1,3,47.53,92.73,Not Finished,Not Finished,16.08
Simulation5,CR + SPT,O-63,2,SampleProcessPlan1,1,47.56,89.01,82.53,34.97,2.13
Simulation5,CR + SPT,O-64,1,SampleProcessPlan1,3,49.06,95.35,64.38,15.32,14.23
Simulation5,CR + SPT,O-65,2,SampleProcessPlan2,3,49.94,97.85,68.63,18.69,10.53
Simulation5,CR + SPT,O-66,2,SampleProcessPlan1,1,50.63,99.78,79.96,29.34,8.49
Simulation5,CR + SPT,O-67,2,SampleProcessPlan1,1,50.66,90.85,83.51,32.86,3.55
Simulation5,CR + SPT,O-68,2,SampleProcessPlan2,3,52.32,99.57,71.34,19.02,11.58
Simulation5,CR + SPT,O-69,2,SampleProcessPlan1,1,52.53,98.67,85.58,33.05,3.05
Simulation5,CR + SPT,O-70,2,SampleProcessPlan2,4,53.33,95.45,85.93,32.6,20.22
Simulation ID,Rules,Order ID,Priority,Plan Name,Depth,Arrival Time,Due Date,Finish Time,Throughput Time,Total Process Time
Simulation6,CR + PST,O-1,2,SampleProcessPlan1,4,0.0,41.05,12.46,12.46,9.96
Simulation6,CR + PST,O-2,2,SampleProcessPlan2,4,2.05,50.86,20.34,18.29,15.4
Simulation6,CR + PST,O-3,2,SampleProcessPlan2,3,2.17,44.2,12.46,10.29,11.44
Simulation6,CR + PST,O-4,0,SampleProcessPlan2,2,2.94,51.76,11.92,8.98,5.25
Simulation6,CR + PST,O-5,1,SampleProcessPlan1,3,5.63,54.61,14.28,8.65,9.4
Simulation6,CR + PST,O-6,0,SampleProcessPlan1,2,5.84,54.86,15.22,9.38,8.7
Simulation6,CR + PST,O-7,2,SampleProcessPlan2,2,6.42,52.75,19.37,12.95,9.12
Simulation6,CR + PST,O-8,1,SampleProcessPlan1,4,7.73,49.56,27.96,20.23,20.15
Simulation6,CR + PST,O-9,0,SampleProcessPlan2,3,8.0,49.82,17.22,9.22,9.6
Simulation6,CR + PST,O-10,0,SampleProcessPlan1,1,8.73,57.31,13.85,5.11,4.03
Simulation6,CR + PST,O-11,2,SampleProcessPlan2,1,9.1,57.52,25.26,16.16,4.32
Simulation6,CR + PST,O-12,2,SampleProcessPlan2,3,9.18,52.7,26.76,17.58,12.29
Simulation6,CR + PST,O-13,2,SampleProcessPlan2,3,10.02,58.8,39.16,29.14,12.66
Simulation6,CR + PST,O-14,2,SampleProcessPlan2,2,11.03,54.15,28.8,17.77,5.47
Simulation6,CR + PST,O-15,2,SampleProcessPlan2,3,11.12,56.64,38.17,27.05,19.09
Simulation6,CR + PST,O-16,2,SampleProcessPlan2,1,13.75,53.81,21.98,8.23,4.64
Simulation6,CR + PST,O-17,0,SampleProcessPlan2,1,13.93,54.22,21.06,7.12,3.12
Simulation6,CR + PST,O-18,0,SampleProcessPlan1,2,14.08,63.78,24.91,10.83,11.59
Simulation6,CR + PST,O-19,1,SampleProcessPlan1,1,14.52,57.33,24.45,9.93,2.07
Simulation6,CR + PST,O-20,0,SampleProcessPlan1,2,15.14,61.9,25.17,10.04,6.6
Simulation6,CR + PST,O-21,2,SampleProcessPlan2,1,16.5,58.31,25.41,8.9,4.35
Simulation6,CR + PST,O-22,2,SampleProcessPlan1,2,18.25,63.8,56.35,38.1,10.17
Simulation6,CR + PST,O-23,2,SampleProcessPlan2,1,21.06,68.26,28.86,7.8,3.45
Simulation6,CR + PST,O-24,2,SampleProcessPlan2,1,21.45,65.67,27.2,5.76,5.22
Simulation6,CR + PST,O-25,2,SampleProcessPlan1,2,21.55,63.19,49.98,28.43,11.46
Simulation6,CR + PST,O-26,2,SampleProcessPlan1,4,21.65,68.3,42.3,20.65,16.5
Simulation6,CR + PST,O-27,2,SampleProcessPlan2,3,22.89,64.43,47.23,24.34,19.91
Simulation6,CR + PST,O-28,1,SampleProcessPlan1,4,24.03,66.86,36.59,12.56,15.16
Simulation6,CR + PST,O-29,2,SampleProcessPlan1,3,25.41,75.13,45.7,20.29,16.33
Simulation6,CR + PST,O-30,1,SampleProcessPlan1,4,25.98,75.9,45.81,19.83,13.3
Simulation6,CR + PST,O-31,2,SampleProcessPlan2,4,26.22,70.4,68.6,42.38,15.86
Simulation6,CR + PST,O-32,2,SampleProcessPlan1,1,26.93,70.59,69.7,42.77,2.0
Simulation6,CR + PST,O-33,2,SampleProcessPlan2,4,29.12,77.11,79.95,50.83,14.97
Simulation6,CR + PST,O-34,2,SampleProcessPlan2,1,29.83,78.55,35.97,6.14,4.19
Simulation6,CR + PST,O-35,2,SampleProcessPlan1,1,30.73,77.85,77.31,46.59,0.81
Simulation6,CR + PST,O-36,2,SampleProcessPlan1,4,30.88,80.58,50.88,20.0,19.03
Simulation6,CR + PST,O-37,2,SampleProcessPlan1,1,31.33,71.37,71.67,40.34,0.58
Simulation6,CR + PST,O-38,2,SampleProcessPlan1,1,31.42,74.65,71.82,40.41,5.06
Simulation6,CR + PST,O-39,1,SampleProcessPlan2,3,31.81,79.0,65.19,33.38,20.85
Simulation6,CR + PST,O-40,2,SampleProcessPlan1,2,32.39,80.6,85.75,53.36,11.6
Simulation6,CR + PST,O-41,2,SampleProcessPlan1,3,32.43,81.68,82.59,50.16,12.48
Simulation6,CR + PST,O-42,2,SampleProcessPlan2,1,32.87,78.51,39.72,6.85,3.75
Simulation6,CR + PST,O-43,0,SampleProcessPlan1,2,35.33,82.84,51.04,15.71,12.52
Simulation6,CR + PST,O-44,2,SampleProcessPlan2,1,36.58,81.06,41.34,4.75,3.86
Simulation6,CR + PST,O-45,2,SampleProcessPlan1,4,37.61,82.62,83.67,46.06,16.5
Simulation6,CR + PST,O-46,2,SampleProcessPlan1,2,37.66,77.78,79.94,42.28,8.21
Simulation6,CR + PST,O-47,2,SampleProcessPlan2,3,38.79,86.15,99.74,60.95,15.62
Simulation6,CR + PST,O-48,2,SampleProcessPlan1,3,39.27,87.71,92.89,53.62,14.25
Simulation6,CR + PST,O-49,2,SampleProcessPlan2,1,39.67,89.16,54.19,14.52,3.81
Simulation6,CR + PST,O-50,1,SampleProcessPlan2,4,39.88,84.47,72.8,32.92,16.89
Simulation6,CR + PST,O-51,2,SampleProcessPlan1,1,39.91,85.83,80.2,40.29,2.89
Simulation6,CR + PST,O-52,2,SampleProcessPlan1,2,40.68,89.73,Not Finished,Not Finished,14.8
Simulation6,CR + PST,O-53,2,SampleProcessPlan1,4,40.83,83.93,87.56,46.73,23.28
Simulation6,CR + PST,O-54,2,SampleProcessPlan2,1,40.84,81.74,52.99,12.16,3.38
Simulation6,CR + PST,O-55,2,SampleProcessPlan1,4,42.46,91.06,94.36,51.9,15.29
Simulation6,CR + PST,O-56,0,SampleProcessPlan1,3,43.72,88.54,62.19,18.47,12.22
Simulation6,CR + PST,O-57,2,SampleProcessPlan2,3,44.6,86.46,83.18,38.58,16.78
Simulation6,CR + PST,O-58,0,SampleProcessPlan1,3,45.49,92.01,62.58,17.09,16.04
Simulation6,CR + PST,O-59,1,SampleProcessPlan2,4,45.89,89.29,77.6,31.71,21.6
Simulation6,CR + PST,O-60,2,SampleProcessPlan1,1,46.0,93.59,76.5,30.5,4.68
Simulation6,CR + PST,O-61,2,SampleProcessPlan2,1,46.05,90.7,58.49,12.44,3.85
Simulation6,CR + PST,O-62,2,SampleProcessPlan1,3,47.53,92.73,98.8,51.27,16.08
Simulation6,CR + PST,O-63,2,SampleProcessPlan1,1,47.56,89.01,82.33,34.77,2.13
Simulation6,CR + PST,O-64,1,SampleProcessPlan1,3,49.06,95.35,65.99,16.94,14.23
Simulation6,CR + PST,O-65,2,SampleProcessPlan2,3,49.94,97.85,Not Finished,Not Finished,10.53
Simulation6,CR + PST,O-66,2,SampleProcessPlan1,1,50.63,99.78,80.16,29.53,8.49
Simulation6,CR + PST,O-67,2,SampleProcessPlan1,1,50.66,90.85,83.71,33.05,3.55
Simulation6,CR + PST,O-68,2,SampleProcessPlan2,3,52.32,99.57,98.54,46.22,11.58
Simulation6,CR + PST,O-69,2,SampleProcessPlan1,1,52.53,98.67,85.38,32.85,3.05
Simulation6,CR + PST,O-70,2,SampleProcessPlan2,4,53.33,95.45,98.54,45.21,20.22
Simulation ID,Rules,Order ID,Priority,Plan Name,Depth,Arrival Time,Due Date,Finish Time,Throughput Time,Total Process Time
Simulation7,EDD + FCFS,O-1,2,SampleProcessPlan1,4,0.0,41.05,12.46,12.46,9.96
Simulation7,EDD + FCFS,O-2,2,SampleProcessPlan2,4,2.05,50.86,20.34,18.29,15.4
Simulation7,EDD + FCFS,O-3,2,SampleProcessPlan2,3,2.17,44.2,12.46,10.29,11.44
Simulation7,EDD + FCFS,O-4,0,SampleProcessPlan2,2,2.94,51.76,9.12,6.18,5.25
Simulation7,EDD + FCFS,O-5,1,SampleProcessPlan1,3,5.63,54.61,14.28,8.65,9.4
Simulation7,EDD + FCFS,O-6,0,SampleProcessPlan1,2,5.84,54.86,15.22,9.38,8.7
Simulation7,EDD + FCFS,O-7,2,SampleProcessPlan2,2,6.42,52.75,19.37,12.95,9.12
Simulation7,EDD + FCFS,O-8,1,SampleProcessPlan1,4,7.73,49.56,28.03,20.3,20.15
Simulation7,EDD + FCFS,O-9,0,SampleProcessPlan2,3,8.0,49.82,17.48,9.48,9.6
Simulation7,EDD + FCFS,O-10,0,SampleProcessPlan1,1,8.73,57.31,13.85,5.11,4.03
Simulation7,EDD + FCFS,O-11,2,SampleProcessPlan2,1,9.1,57.52,16.89,7.79,4.32
Simulation7,EDD + FCFS,O-12,2,SampleProcessPlan2,3,9.18,52.7,23.34,14.16,12.29
Simulation7,EDD + FCFS,O-13,2,SampleProcessPlan2,3,10.02,58.8,36.39,26.37,12.66
Simulation7,EDD + FCFS,O-14,2,SampleProcessPlan2,2,11.03,54.15,28.55,17.52,5.47
Simulation7,EDD + FCFS,O-15,2,SampleProcessPlan2,3,11.12,56.64,31.34,20.22,19.09
Simulation7,EDD + FCFS,O-16,2,SampleProcessPlan2,1,13.75,53.81,23.17,9.42,4.64
Simulation7,EDD + FCFS,O-17,0,SampleProcessPlan2,1,13.93,54.22,20.38,6.44,3.12
Simulation7,EDD + FCFS,O-18,0,SampleProcessPlan1,2,14.08,63.78,24.44,10.36,11.59
Simulation7,EDD + FCFS,O-19,1,SampleProcessPlan1,1,14.52,57.33,24.45,9.93,2.07
Simulation7,EDD + FCFS,O-20,0,SampleProcessPlan1,2,15.14,61.9,26.2,11.07,6.6
Simulation7,EDD + FCFS,O-21,2,SampleProcessPlan2,1,16.5,58.31,24.73,8.22,4.35
Simulation7,EDD + FCFS,O-22,2,SampleProcessPlan1,2,18.25,63.8,38.2,19.95,10.17
Simulation7,EDD + FCFS,O-23,2,SampleProcessPlan2,1,21.06,68.26,28.2,7.14,3.45
Simulation7,EDD + FCFS,O-24,2,SampleProcessPlan2,1,21.45,65.67,29.95,8.5,5.22
Simulation7,EDD + FCFS,O-25,2,SampleProcessPlan1,2,21.55,63.19,44.61,23.06,11.46
Simulation7,EDD + FCFS,O-26,2,SampleProcessPlan1,4,21.65,68.3,79.27,57.62,16.5
Simulation7,EDD + FCFS,O-27,2,SampleProcessPlan2,3,22.89,64.43,45.44,22.56,19.91
Simulation7,EDD + FCFS,O-28,1,SampleProcessPlan1,4,24.03,66.86,43.95,19.92,15.16
Simulation7,EDD + FCFS,O-29,2,SampleProcessPlan1,3,25.41,75.13,78.94,53.53,16.33
Simulation7,EDD + FCFS,O-30,1,SampleProcessPlan1,4,25.98,75.9,48.43,22.45,13.3
Simulation7,EDD + FCFS,O-31,2,SampleProcessPlan2,4,26.22,70.4,64.26,38.04,15.86
Simulation7,EDD + FCFS,O-32,2,SampleProcessPlan1,1,26.93,70.59,37.25,10.32,2.0
Simulation7,EDD + FCFS,O-33,2,SampleProcessPlan2,4,29.12,77.11,59.77,30.65,14.97
Simulation7,EDD + FCFS,O-34,2,SampleProcessPlan2,1,29.83,78.55,34.14,4.3,4.19
Simulation7,EDD + FCFS,O-35,2,SampleProcessPlan1,1,30.73,77.85,43.19,12.47,0.81
Simulation7,EDD + FCFS,O-36,2,SampleProcessPlan1,4,30.88,80.58,90.75,59.87,19.03
Simulation7,EDD + FCFS,O-37,2,SampleProcessPlan1,1,31.33,71.37,37.83,6.5,0.58
Simulation7,EDD + FCFS,O-38,2,SampleProcessPlan1,1,31.42,74.65,42.89,11.47,5.06
Simulation7,EDD + FCFS,O-39,1,SampleProcessPlan2,3,31.81,79.0,54.97,23.16,20.85
Simulation7,EDD + FCFS,O-40,2,SampleProcessPlan1,2,32.39,80.6,78.77,46.38,11.6
Simulation7,EDD + FCFS,O-41,2,SampleProcessPlan1,3,32.43,81.68,84.31,51.88,12.48
Simulation7,EDD + FCFS,O-42,2,SampleProcessPlan2,1,32.87,78.51,37.15,4.28,3.75
Simulation7,EDD + FCFS,O-43,0,SampleProcessPlan1,2,35.33,82.84,49.93,14.61,12.52
Simulation7,EDD + FCFS,O-44,2,SampleProcessPlan2,1,36.58,81.06,40.44,3.86,3.86
Simulation7,EDD + FCFS,O-45,2,SampleProcessPlan1,4,37.61,82.62,99.3,61.7,16.5
Simulation7,EDD + FCFS,O-46,2,SampleProcessPlan1,2,37.66,77.78,71.63,33.97,8.21
Simulation7,EDD + FCFS,O-47,2,SampleProcessPlan2,3,38.79,86.15,76.59,37.8,15.62
Simulation7,EDD + FCFS,O-48,2,SampleProcessPlan1,3,39.27,87.71,96.13,56.86,14.25
Simulation7,EDD + FCFS,O-49,2,SampleProcessPlan2,1,39.67,89.16,49.15,9.48,3.81
Simulation7,EDD + FCFS,O-50,1,SampleProcessPlan2,4,39.88,84.47,57.42,17.55,16.89
Simulation7,EDD + FCFS,O-51,2,SampleProcessPlan1,1,39.91,85.83,69.3,29.39,2.89
Simulation7,EDD + FCFS,O-52,2,SampleProcessPlan1,2,40.68,89.73,99.65,58.97,14.8
Simulation7,EDD + FCFS,O-53,2,SampleProcessPlan1,4,40.83,83.93,95.58,54.75,23.28
Simulation7,EDD + FCFS,O-54,2,SampleProcessPlan2,1,40.84,81.74,46.31,5.48,3.38
Simulation7,EDD + FCFS,O-55,2,SampleProcessPlan1,4,42.46,91.06,Not Finished,Not Finished,15.29
Simulation7,EDD + FCFS,O-56,0,SampleProcessPlan1,3,43.72,88.54,63.34,19.63,12.22
Simulation7,EDD + FCFS,O-57,2,SampleProcessPlan2,3,44.6,86.46,88.8,44.2,16.78
Simulation7,EDD + FCFS,O-58,0,SampleProcessPlan1,3,45.49,92.01,70.9,25.41,16.04
Simulation7,EDD + FCFS,O-59,1,SampleProcessPlan2,4,45.89,89.29,71.97,26.08,21.6
Simulation7,EDD + FCFS,O-60,2,SampleProcessPlan1,1,46.0,93.59,80.57,34.56,4.68
Simulation7,EDD + FCFS,O-61,2,SampleProcessPlan2,1,46.05,90.7,53.0,6.95,3.85
Simulation7,EDD + FCFS,O-62,2,SampleProcessPlan1,3,47.53,92.73,Not Finished,Not Finished,16.08
Simulation7,EDD + FCFS,O-63,2,SampleProcessPlan1,1,47.56,89.01,71.43,23.87,2.13
Simulation7,EDD + FCFS,O-64,1,SampleProcessPlan1,3,49.06,95.35,66.75,17.7,14.23
Simulation7,EDD + FCFS,O-65,2,SampleProcessPlan2,3,49.94,97.85,91.07,41.13,10.53
Simulation7,EDD + FCFS,O-66,2,SampleProcessPlan1,1,50.63,99.78,88.52,37.9,8.49
Simulation7,EDD + FCFS,O-67,2,SampleProcessPlan1,1,50.66,90.85,75.07,24.42,3.55
Simulation7,EDD + FCFS,O-68,2,SampleProcessPlan2,3,52.32,99.57,93.78,41.47,11.58
Simulation7,EDD + FCFS,O-69,2,SampleProcessPlan1,1,52.53,98.67,80.03,27.5,3.05
Simulation7,EDD + FCFS,O-70,2,SampleProcessPlan2,4,53.33,95.45,Not Finished,Not Finished,20.22
Simulation ID,Rules,Order ID,Priority,Plan Name,Depth,Arrival Time,Due Date,Finish Time,Throughput Time,Total Process Time
Simulation8,EDD + SPT,O-1,2,SampleProcessPlan1,4,0.0,41.05,12.46,12.46,9.96
Simulation8,EDD + SPT,O-2,2,SampleProcessPlan2,4,2.05,50.86,20.34,18.29,15.4
Simulation8,EDD + SPT,O-3,2,SampleProcessPlan2,3,2.17,44.2,12.46,10.29,11.44
Simulation8,EDD + SPT,O-4,0,SampleProcessPlan2,2,2.94,51.76,9.12,6.18,5.25
Simulation8,EDD + SPT,O-5,1,SampleProcessPlan1,3,5.63,54.61,14.28,8.65,9.4
Simulation8,EDD + SPT,O-6,0,SampleProcessPlan1,2,5.84,54.86,15.22,9.38,8.7
Simulation8,EDD + SPT,O-7,2,SampleProcessPlan2,2,6.42,52.75,19.37,12.95,9.12
Simulation8,EDD + SPT,O-8,1,SampleProcessPlan1,4,7.73,49.56,28.03,20.3,20.15
Simulation8,EDD + SPT,O-9,0,SampleProcessPlan2,3,8.0,49.82,17.48,9.48,9.6
Simulation8,EDD + SPT,O-10,0,SampleProcessPlan1,1,8.73,57.31,13.85,5.11,4.03
Simulation8,EDD + SPT,O-11,2,SampleProcessPlan2,1,9.1,57.52,16.89,7.79,4.32
Simulation8,EDD + SPT,O-12,2,SampleProcessPlan2,3,9.18,52.7,23.34,14.16,12.29
Simulation8,EDD + SPT,O-13,2,SampleProcessPlan2,3,10.02,58.8,33.56,23.54,12.66
Simulation8,EDD + SPT,O-14,2,SampleProcessPlan2,2,11.03,54.15,20.46,9.43,5.47
Simulation8,EDD + SPT,O-15,2,SampleProcessPlan2,3,11.12,56.64,38.29,27.17,19.09
Simulation8,EDD + SPT,O-16,2,SampleProcessPlan2,1,13.75,53.81,23.17,9.42,4.64
Simulation8,EDD + SPT,O-17,0,SampleProcessPlan2,1,13.93,54.22,20.38,6.44,3.12
Simulation8,EDD + SPT,O-18,0,SampleProcessPlan1,2,14.08,63.78,24.44,10.36,11.59
Simulation8,EDD + SPT,O-19,1,SampleProcessPlan1,1,14.52,57.33,24.45,9.93,2.07
Simulation8,EDD + SPT,O-20,0,SampleProcessPlan1,2,15.14,61.9,26.2,11.07,6.6
Simulation8,EDD + SPT,O-21,2,SampleProcessPlan2,1,16.5,58.31,24.73,8.22,4.35
Simulation8,EDD + SPT,O-22,2,SampleProcessPlan1,2,18.25,63.8,32.35,14.1,10.17
Simulation8,EDD + SPT,O-23,2,SampleProcessPlan2,1,21.06,68.26,28.2,7.14,3.45
Simulation8,EDD + SPT,O-24,2,SampleProcessPlan2,1,21.45,65.67,29.95,8.5,5.22
Simulation8,EDD + SPT,O-25,2,SampleProcessPlan1,2,21.55,63.19,51.01,29.46,11.46
Simulation8,EDD + SPT,O-26,2,SampleProcessPlan1,4,21.65,68.3,53.71,32.07,16.5
Simulation8,EDD + SPT,O-27,2,SampleProcessPlan2,3,22.89,64.43,Not Finished,Not Finished,19.91
Simulation8,EDD + SPT,O-28,1,SampleProcessPlan1,4,24.03,66.86,47.58,23.55,15.16
Simulation8,EDD + SPT,O-29,2,SampleProcessPlan1,3,25.41,75.13,81.6,56.19,16.33
Simulation8,EDD + SPT,O-30,1,SampleProcessPlan1,4,25.98,75.9,44.91,18.93,13.3
Simulation8,EDD + SPT,O-31,2,SampleProcessPlan2,4,26.22,70.4,59.25,33.03,15.86
Simulation8,EDD + SPT,O-32,2,SampleProcessPlan1,1,26.93,70.59,36.89,9.96,2.0
Simulation8,EDD + SPT,O-33,2,SampleProcessPlan2,4,29.12,77.11,51.56,22.44,14.97
Simulation8,EDD + SPT,O-34,2,SampleProcessPlan2,1,29.83,78.55,34.14,4.3,4.19
Simulation8,EDD + SPT,O-35,2,SampleProcessPlan1,1,30.73,77.85,42.63,11.91,0.81
Simulation8,EDD + SPT,O-36,2,SampleProcessPlan1,4,30.88,80.58,77.29,46.41,19.03
Simulation8,EDD + SPT,O-37,2,SampleProcessPlan1,1,31.33,71.37,38.39,7.06,0.58
Simulation8,EDD + SPT,O-38,2,SampleProcessPlan1,1,31.42,74.65,43.45,12.03,5.06
Simulation8,EDD + SPT,O-39,1,SampleProcessPlan2,3,31.81,79.0,51.34,19.53,20.85
Simulation8,EDD + SPT,O-40,2,SampleProcessPlan1,2,32.39,80.6,79.23,46.84,11.6
Simulation8,EDD + SPT,O-41,2,SampleProcessPlan1,3,32.43,81.68,73.19,40.76,12.48
Simulation8,EDD + SPT,O-42,2,SampleProcessPlan2,1,32.87,78.51,37.15,4.28,3.75
Simulation8,EDD + SPT,O-43,0,SampleProcessPlan1,2,35.33,82.84,51.21,15.88,12.52
Simulation8,EDD + SPT,O-44,2,SampleProcessPlan2,1,36.58,81.06,40.44,3.86,3.86
Simulation8,EDD + SPT,O-45,2,SampleProcessPlan1,4,37.61,82.62,81.01,43.4,16.5
Simulation8,EDD + SPT,O-46,2,SampleProcessPlan1,2,37.66,77.78,78.27,40.61,8.21
Simulation8,EDD + SPT,O-47,2,SampleProcessPlan2,3,38.79,86.15,83.23,44.44,15.62
Simulation8,EDD + SPT,O-48,2,SampleProcessPlan1,3,39.27,87.71,77.79,38.52,14.25
Simulation8,EDD + SPT,O-49,2,SampleProcessPlan2,1,39.67,89.16,52.7,13.03,3.81
Simulation8,EDD + SPT,O-50,1,SampleProcessPlan2,4,39.88,84.47,63.45,23.58,16.89
Simulation8,EDD + SPT,O-51,2,SampleProcessPlan1,1,39.91,85.83,69.57,29.66,2.89
Simulation8,EDD + SPT,O-52,2,SampleProcessPlan1,2,40.68,89.73,97.65,56.97,14.8
Simulation8,EDD + SPT,O-53,2,SampleProcessPlan1,4,40.83,83.93,97.52,56.69,23.28
Simulation8,EDD + SPT,O-54,2,SampleProcessPlan2,1,40.84,81.74,46.31,5.48,3.38
Simulation8,EDD + SPT,O-55,2,SampleProcessPlan1,4,42.46,91.06,90.41,47.95,15.29
Simulation8,EDD + SPT,O-56,0,SampleProcessPlan1,3,43.72,88.54,61.33,17.61,12.22
Simulation8,EDD + SPT,O-57,2,SampleProcessPlan2,3,44.6,86.46,96.97,52.37,16.78
Simulation8,EDD + SPT,O-58,0,SampleProcessPlan1,3,45.49,92.01,63.01,17.52,16.04
Simulation8,EDD + SPT,O-59,1,SampleProcessPlan2,4,45.89,89.29,68.25,22.36,21.6
Simulation8,EDD + SPT,O-60,2,SampleProcessPlan1,1,46.0,93.59,80.39,34.39,4.68
Simulation8,EDD + SPT,O-61,2,SampleProcessPlan2,1,46.05,90.7,53.11,7.06,3.85
Simulation8,EDD + SPT,O-62,2,SampleProcessPlan1,3,47.53,92.73,Not Finished,Not Finished,16.08
Simulation8,EDD + SPT,O-63,2,SampleProcessPlan1,1,47.56,89.01,71.7,24.14,2.13
Simulation8,EDD + SPT,O-64,1,SampleProcessPlan1,3,49.06,95.35,66.61,17.56,14.23
Simulation8,EDD + SPT,O-65,2,SampleProcessPlan2,3,49.94,97.85,66.63,16.69,10.53
Simulation8,EDD + SPT,O-66,2,SampleProcessPlan1,1,50.63,99.78,88.7,38.07,8.49
Simulation8,EDD + SPT,O-67,2,SampleProcessPlan1,1,50.66,90.85,75.25,24.59,3.55
Simulation8,EDD + SPT,O-68,2,SampleProcessPlan2,3,52.32,99.57,65.31,12.99,11.58
Simulation8,EDD + SPT,O-69,2,SampleProcessPlan1,1,52.53,98.67,80.21,27.68,3.05
Simulation8,EDD + SPT,O-70,2,SampleProcessPlan2,4,53.33,95.45,93.12,39.79,20.22
Simulation ID,Rules,Order ID,Priority,Plan Name,Depth,Arrival Time,Due Date,Finish Time,Throughput Time,Total Process Time
Simulation9,EDD + PST,O-1,2,SampleProcessPlan1,4,0.0,41.05,12.46,12.46,9.96
Simulation9,EDD + PST,O-2,2,SampleProcessPlan2,4,2.05,50.86,20.34,18.29,15.4
Simulation9,EDD + PST,O-3,2,SampleProcessPlan2,3,2.17,44.2,12.46,10.29,11.44
Simulation9,EDD + PST,O-4,0,SampleProcessPlan2,2,2.94,51.76,11.92,8.98,5.25
Simulation9,EDD + PST,O-5,1,SampleProcessPlan1,3,5.63,54.61,14.28,8.65,9.4
Simulation9,EDD + PST,O-6,0,SampleProcessPlan1,2,5.84,54.86,15.22,9.38,8.7
Simulation9,EDD + PST,O-7,2,SampleProcessPlan2,2,6.42,52.75,19.37,12.95,9.12
Simulation9,EDD + PST,O-8,1,SampleProcessPlan1,4,7.73,49.56,28.03,20.3,20.15
Simulation9,EDD + PST,O-9,0,SampleProcessPlan2,3,8.0,49.82,17.22,9.22,9.6
Simulation9,EDD + PST,O-10,0,SampleProcessPlan1,1,8.73,57.31,13.85,5.11,4.03
Simulation9,EDD + PST,O-11,2,SampleProcessPlan2,1,9.1,57.52,16.89,7.79,4.32
Simulation9,EDD + PST,O-12,2,SampleProcessPlan2,3,9.18,52.7,23.34,14.16,12.29
Simulation9,EDD + PST,O-13,2,SampleProcessPlan2,3,10.02,58.8,67.17,57.15,12.66
Simulation9,EDD + PST,O-14,2,SampleProcessPlan2,2,11.03,54.15,28.55,17.52,5.47
Simulation9,EDD + PST,O-15,2,SampleProcessPlan2,3,11.12,56.64,31.34,20.22,19.09
Simulation9,EDD + PST,O-16,2,SampleProcessPlan2,1,13.75,53.81,23.17,9.42,4.64
Simulation9,EDD + PST,O-17,0,SampleProcessPlan2,1,13.93,54.22,20.38,6.44,3.12
Simulation9,EDD + PST,O-18,0,SampleProcessPlan1,2,14.08,63.78,24.44,10.36,11.59
Simulation9,EDD + PST,O-19,1,SampleProcessPlan1,1,14.52,57.33,24.45,9.93,2.07
Simulation9,EDD + PST,O-20,0,SampleProcessPlan1,2,15.14,61.9,26.2,11.07,6.6
Simulation9,EDD + PST,O-21,2,SampleProcessPlan2,1,16.5,58.31,24.73,8.22,4.35
Simulation9,EDD + PST,O-22,2,SampleProcessPlan1,2,18.25,63.8,36.19,17.94,10.17
Simulation9,EDD + PST,O-23,2,SampleProcessPlan2,1,21.06,68.26,28.2,7.14,3.45
Simulation9,EDD + PST,O-24,2,SampleProcessPlan2,1,21.45,65.67,29.95,8.5,5.22
Simulation9,EDD + PST,O-25,2,SampleProcessPlan1,2,21.55,63.19,57.59,36.04,11.46
Simulation9,EDD + PST,O-26,2,SampleProcessPlan1,4,21.65,68.3,53.71,32.07,16.5
Simulation9,EDD + PST,O-27,2,SampleProcessPlan2,3,22.89,64.43,42.66,19.78,19.91
Simulation9,EDD + PST,O-28,1,SampleProcessPlan1,4,24.03,66.86,43.95,19.92,15.16
Simulation9,EDD + PST,O-29,2,SampleProcessPlan1,3,25.41,75.13,80.14,54.73,16.33
Simulation9,EDD + PST,O-30,1,SampleProcessPlan1,4,25.98,75.9,48.43,22.45,13.3
Simulation9,EDD + PST,O-31,2,SampleProcessPlan2,4,26.22,70.4,65.5,39.28,15.86
Simulation9,EDD + PST,O-32,2,SampleProcessPlan1,1,26.93,70.59,37.25,10.32,2.0
Simulation9,EDD + PST,O-33,2,SampleProcessPlan2,4,29.12,77.11,75.31,46.19,14.97
Simulation9,EDD + PST,O-34,2,SampleProcessPlan2,1,29.83,78.55,34.14,4.3,4.19
Simulation9,EDD + PST,O-35,2,SampleProcessPlan1,1,30.73,77.85,43.19,12.47,0.81
Simulation9,EDD + PST,O-36,2,SampleProcessPlan1,4,30.88,80.58,80.3,49.42,19.03
Simulation9,EDD + PST,O-37,2,SampleProcessPlan1,1,31.33,71.37,37.83,6.5,0.58
Simulation9,EDD + PST,O-38,2,SampleProcessPlan1,1,31.42,74.65,42.89,11.47,5.06
Simulation9,EDD + PST,O-39,1,SampleProcessPlan2,3,31.81,79.0,52.19,20.38,20.85
Simulation9,EDD + PST,O-40,2,SampleProcessPlan1,2,32.39,80.6,78.77,46.38,11.6
Simulation9,EDD + PST,O-41,2,SampleProcessPlan1,3,32.43,81.68,91.22,58.79,12.48
Simulation9,EDD + PST,O-42,2,SampleProcessPlan2,1,32.87,78.51,37.15,4.28,3.75
Simulation9,EDD + PST,O-43,0,SampleProcessPlan1,2,35.33,82.84,51.54,16.22,12.52
Simulation9,EDD + PST,O-44,2,SampleProcessPlan2,1,36.58,81.06,40.44,3.86,3.86
Simulation9,EDD + PST,O-45,2,SampleProcessPlan1,4,37.61,82.62,88.69,51.09,16.5
Simulation9,EDD + PST,O-46,2,SampleProcessPlan1,2,37.66,77.78,83.5,45.84,8.21
Simulation9,EDD + PST,O-47,2,SampleProcessPlan2,3,38.79,86.15,94.89,56.1,15.62
Simulation9,EDD + PST,O-48,2,SampleProcessPlan1,3,39.27,87.71,93.91,54.64,14.25
Simulation9,EDD + PST,O-49,2,SampleProcessPlan2,1,39.67,89.16,52.7,13.03,3.81
Simulation9,EDD + PST,O-50,1,SampleProcessPlan2,4,39.88,84.47,59.03,19.16,16.89
Simulation9,EDD + PST,O-51,2,SampleProcessPlan1,1,39.91,85.83,69.3,29.39,2.89
Simulation9,EDD + PST,O-52,2,SampleProcessPlan1,2,40.68,89.73,Not Finished,Not Finished,14.8
Simulation9,EDD + PST,O-53,2,SampleProcessPlan1,4,40.83,83.93,84.97,44.14,23.28
Simulation9,EDD + PST,O-54,2,SampleProcessPlan2,1,40.84,81.74,46.31,5.48,3.38
Simulation9,EDD + PST,O-55,2,SampleProcessPlan1,4,42.46,91.06,Not Finished,Not Finished,15.29
Simulation9,EDD + PST,O-56,0,SampleProcessPlan1,3,43.72,88.54,61.89,18.18,12.22
Simulation9,EDD + PST,O-57,2,SampleProcessPlan2,3,44.6,86.46,86.06,41.46,16.78
Simulation9,EDD + PST,O-58,0,SampleProcessPlan1,3,45.49,92.01,66.04,20.55,16.04
Simulation9,EDD + PST,O-59,1,SampleProcessPlan2,4,45.89,89.29,70.3,24.41,21.6
Simulation9,EDD + PST,O-60,2,SampleProcessPlan1,1,46.0,93.59,80.57,34.56,4.68
Simulation9,EDD + PST,O-61,2,SampleProcessPlan2,1,46.05,90.7,53.11,7.06,3.85
Simulation9,EDD + PST,O-62,2,SampleProcessPlan1,3,47.53,92.73,99.11,51.59,16.08
Simulation9,EDD + PST,O-63,2,SampleProcessPlan1,1,47.56,89.01,71.43,23.87,2.13
Simulation9,EDD + PST,O-64,1,SampleProcessPlan1,3,49.06,95.35,68.76,19.71,14.23
Simulation9,EDD + PST,O-65,2,SampleProcessPlan2,3,49.94,97.85,Not Finished,Not Finished,10.53
Simulation9,EDD + PST,O-66,2,SampleProcessPlan1,1,50.63,99.78,88.52,37.9,8.49
Simulation9,EDD + PST,O-67,2,SampleProcessPlan1,1,50.66,90.85,75.07,24.42,3.55
Simulation9,EDD + PST,O-68,2,SampleProcessPlan2,3,52.32,99.57,Not Finished,Not Finished,11.58
Simulation9,EDD + PST,O-69,2,SampleProcessPlan1,1,52.53,98.67,80.03,27.5,3.05
Simulation9,EDD + PST,O-70,2,SampleProcessPlan2,4,53.33,95.45,Not Finished,Not Finished,20.22
